{"type":"FeatureCollection","features":[{"type":"Feature","geometry":{"type":"Polygon","coordinates":[[[33.612,44.926],[33.593,44.846],[33.567,44.839],[33.587,44.808],[33.664,44.795],[33.683,44.77],[33.614,44.75],[33.616,44.712],[33.727,44.717],[33.777,44.69],[33.717,44.633],[33.736,44.601],[33.78,44.613],[33.787,44.586],[33.827,44.571],[33.846,44.519],[33.893,44.473],[33.926,44.421],[33.981,44.441],[34.003,44.473],[34.105,44.519],[34.123,44.546],[34.202,44.587],[34.239,44.593],[34.239,44.642],[34.187,44.693],[34.185,44.719],[34.247,44.717],[34.28,44.764],[34.263,44.795],[34.172,44.777],[34.115,44.73],[33.996,44.828],[34.049,44.833],[34.01,44.873],[33.94,44.88],[33.871,44.921],[33.832,44.898],[33.714,44.897],[33.612,44.926]]]},"properties":{"key":"UA01020000000022387","name":"Бахчисарайський район","oblast":"Автономна Республіка Крим"}},{"type":"Feature","geometry":{"type":"Polygon","coordinates":[[[34.185,45.225],[34.203,45.151],[34.252,45.145],[34.279,45.106],[34.279,44.99],[34.306,44.952],[34.291,44.941],[34.334,44.886],[34.358,44.9],[34.421,44.866],[34.473,44.857],[34.536,44.866],[34.537,44.888],[34.604,44.877],[34.607,44.842],[34.65,44.88],[34.693,44.873],[34.701,44.9],[34.741,44.881],[34.801,44.9],[34.829,44.931],[34.879,44.948],[34.883,44.999],[34.958,45.012],[34.964,45.058],[34.927,45.049],[34.923,45.079],[34.862,45.081],[34.862,45.132],[34.89,45.16],[34.865,45.178],[34.791,45.179],[34.765,45.161],[34.768,45.224],[34.669,45.188],[34.674,45.225],[34.726,45.287],[34.766,45.287],[34.758,45.359],[34.806,45.358],[34.817,45.383],[34.758,45.422],[34.855,45.429],[34.843,45.448],[34.927,45.439],[34.92,45.493],[35,45.499],[35.012,45.562],[35.104,45.589],[35.007,45.681],[34.967,45.759],[34.96,45.757],[34.85,45.709],[34.811,45.664],[34.807,45.635],[34.729,45.643],[34.717,45.611],[34.797,45.602],[34.797,45.584],[34.697,45.584],[34.675,45.561],[34.595,45.57],[34.562,45.522],[34.549,45.497],[34.57,45.454],[34.53,45.435],[34.535,45.404],[34.579,45.406],[34.601,45.387],[34.608,45.33],[34.543,45.33],[34.558,45.304],[34.56,45.227],[34.331,45.209],[34.319,45.28],[34.219,45.285],[34.185,45.225]]]},"properties":{"key":"UA01040000000069938","name":"Білогірський район","oblast":"Автономна Республіка Крим"}},{"type":"Feature","geometry":{"type":"Polygon","coordinates":[[[34.069,46.116],[34.043,46.058],[34.078,46.052],[34.094,46.02],[34.06,45.988],[34.096,45.908],[34.132,45.913],[34.154,45.854],[34.102,45.852],[34.076,45.812],[34.115,45.786],[34.1,45.762],[34.108,45.694],[34.063,45.632],[34.14,45.614],[34.16,45.579],[34.187,45.627],[34.255,45.626],[34.255,45.55],[34.336,45.563],[34.33,45.55],[34.404,45.55],[34.462,45.566],[34.462,45.547],[34.516,45.544],[34.521,45.522],[34.562,45.522],[34.595,45.57],[34.675,45.561],[34.697,45.584],[34.797,45.584],[34.797,45.602],[34.717,45.611],[34.729,45.643],[34.807,45.635],[34.811,45.664],[34.85,45.709],[34.96,45.757],[34.864,45.794],[34.799,45.81],[34.802,45.901],[34.755,45.909],[34.67,45.968],[34.606,45.993],[34.561,45.994],[34.499,45.943],[34.443,45.962],[34.405,46.009],[34.32,46.068],[34.248,46.053],[34.188,46.066],[34.117,46.107],[34.069,46.116]]]},"properties":{"key":"UA01060000000028159","name":"Джанкойський район","oblast":"Автономна Республіка Крим"}},{"type":"Feature","geometry":{"type":"Polygon","coordinates":[[[33.099,45.713],[33,45.679],[32.9,45.634],[32.825,45.59],[32.83,45.548],[32.792,45.562],[32.563,45.47],[32.483,45.404],[32.507,45.383],[32.498,45.345],[32.652,45.315],[32.761,45.366],[32.905,45.362],[33,45.322],[33.149,45.203],[33.284,45.148],[33.307,45.174],[33.348,45.174],[33.39,45.198],[33.459,45.171],[33.529,45.119],[33.571,45.071],[33.605,44.992],[33.682,44.988],[33.676,45.038],[33.797,45.045],[33.77,45.094],[33.845,45.094],[33.897,45.106],[33.914,45.16],[33.883,45.19],[33.955,45.191],[33.933,45.244],[33.912,45.29],[33.884,45.29],[33.89,45.334],[33.918,45.352],[33.902,45.398],[33.801,45.398],[33.816,45.443],[33.737,45.439],[33.705,45.416],[33.678,45.446],[33.65,45.443],[33.608,45.435],[33.598,45.403],[33.577,45.433],[33.507,45.448],[33.501,45.433],[33.43,45.432],[33.458,45.464],[33.464,45.511],[33.392,45.507],[33.36,45.525],[33.374,45.478],[33.334,45.478],[33.32,45.553],[33.232,45.557],[33.229,45.608],[33.204,45.608],[33.204,45.659],[33.115,45.662],[33.125,45.697],[33.099,45.713]]]},"properties":{"key":"UA01080000000090798","name":"Євпаторійський район","oblast":"Автономна Республіка Крим"}},{"type":"Feature","geometry":{"type":"Polygon","coordinates":[[[35.538,45.127],[35.614,45.127],[35.681,45.111],[35.767,45.074],[35.809,45.044],[35.841,44.999],[35.912,45.02],[35.955,45.013],[36.032,45.05],[36.225,45.028],[36.249,45.048],[36.375,45.06],[36.453,45.096],[36.43,45.119],[36.402,45.211],[36.433,45.257],[36.433,45.296],[36.494,45.317],[36.469,45.341],[36.502,45.364],[36.545,45.346],[36.604,45.348],[36.646,45.384],[36.581,45.441],[36.555,45.424],[36.447,45.459],[36.411,45.446],[36.34,45.482],[36.285,45.482],[36.139,45.466],[36.07,45.437],[36.07,45.402],[36.001,45.37],[35.923,45.386],[35.846,45.45],[35.749,45.393],[35.755,45.365],[35.717,45.333],[35.605,45.314],[35.53,45.284],[35.482,45.296],[35.39,45.345],[35.313,45.403],[35.199,45.519],[35.115,45.591],[35.045,45.666],[34.975,45.762],[34.967,45.759],[35.007,45.681],[35.104,45.589],[35.18,45.527],[35.349,45.355],[35.413,45.305],[35.46,45.298],[35.449,45.268],[35.463,45.218],[35.424,45.215],[35.427,45.172],[35.515,45.17],[35.538,45.127]]]},"properties":{"key":"UA01100000000047924","name":"Керченський район","oblast":"Автономна Республіка Крим"}},{"type":"Feature","geometry":{"type":"Polygon","coordinates":[[[34.562,45.522],[34.521,45.522],[34.516,45.544],[34.462,45.547],[34.462,45.566],[34.404,45.55],[34.33,45.55],[34.336,45.563],[34.255,45.55],[34.255,45.626],[34.187,45.627],[34.16,45.579],[34.14,45.614],[34.063,45.632],[34.108,45.694],[34.1,45.762],[34.115,45.786],[34.076,45.812],[34.012,45.802],[34.012,45.767],[33.972,45.786],[33.894,45.782],[33.881,45.797],[33.767,45.806],[33.767,45.776],[33.732,45.773],[33.746,45.749],[33.691,45.721],[33.653,45.721],[33.652,45.748],[33.605,45.748],[33.599,45.629],[33.574,45.627],[33.573,45.588],[33.533,45.574],[33.539,45.519],[33.525,45.478],[33.647,45.473],[33.65,45.443],[33.678,45.446],[33.705,45.416],[33.737,45.439],[33.816,45.443],[33.801,45.398],[33.902,45.398],[33.918,45.352],[33.89,45.334],[33.884,45.29],[33.912,45.29],[33.933,45.244],[33.98,45.244],[33.973,45.191],[33.999,45.191],[34.02,45.233],[34.185,45.225],[34.219,45.285],[34.319,45.28],[34.331,45.209],[34.56,45.227],[34.558,45.304],[34.543,45.33],[34.608,45.33],[34.601,45.387],[34.579,45.406],[34.535,45.404],[34.53,45.435],[34.57,45.454],[34.549,45.497],[34.562,45.522]]]},"properties":{"key":"UA01120000000061837","name":"Курманський район","oblast":"Автономна Республіка Крим"}},{"type":"Feature","geometry":{"type":"Polygon","coordinates":[[[33.972,46.141],[33.849,46.2],[33.811,46.204],[33.736,46.186],[33.633,46.228],[33.615,46.226],[33.636,46.146],[33.615,46.135],[33.643,46.081],[33.615,46.047],[33.63,45.957],[33.753,45.948],[33.678,45.905],[33.682,45.85],[33.615,45.89],[33.568,45.869],[33.547,45.838],[33.502,45.841],[33.542,45.88],[33.418,45.83],[33.321,45.772],[33.24,45.751],[33.169,45.788],[33.154,45.732],[33.099,45.713],[33.125,45.697],[33.115,45.662],[33.204,45.659],[33.204,45.608],[33.229,45.608],[33.232,45.557],[33.32,45.553],[33.334,45.478],[33.374,45.478],[33.36,45.525],[33.392,45.507],[33.464,45.511],[33.458,45.464],[33.43,45.432],[33.501,45.433],[33.507,45.448],[33.577,45.433],[33.598,45.403],[33.608,45.435],[33.65,45.443],[33.647,45.473],[33.525,45.478],[33.539,45.519],[33.533,45.574],[33.573,45.588],[33.574,45.627],[33.599,45.629],[33.605,45.748],[33.652,45.748],[33.653,45.721],[33.691,45.721],[33.746,45.749],[33.732,45.773],[33.767,45.776],[33.767,45.806],[33.881,45.797],[33.894,45.782],[33.972,45.786],[34.012,45.767],[34.012,45.802],[34.076,45.812],[34.102,45.852],[34.154,45.854],[34.132,45.913],[34.096,45.908],[34.06,45.988],[34.094,46.02],[34.078,46.052],[34.043,46.058],[34.069,46.116],[34.053,46.109],[33.972,46.141]]]},"properties":{"key":"UA01140000000010124","name":"Перекопський район","oblast":"Автономна Республіка Крим"}},{"type":"Feature","geometry":{"type":"Polygon","coordinates":[[[33.933,45.244],[33.955,45.191],[33.883,45.19],[33.914,45.16],[33.897,45.106],[33.845,45.094],[33.77,45.094],[33.797,45.045],[33.676,45.038],[33.682,44.988],[33.605,44.992],[33.612,44.926],[33.714,44.897],[33.832,44.898],[33.871,44.921],[33.94,44.88],[34.01,44.873],[34.049,44.833],[33.996,44.828],[34.115,44.73],[34.172,44.777],[34.263,44.795],[34.28,44.764],[34.328,44.747],[34.427,44.813],[34.483,44.842],[34.473,44.857],[34.421,44.866],[34.358,44.9],[34.334,44.886],[34.291,44.941],[34.306,44.952],[34.279,44.99],[34.279,45.106],[34.252,45.145],[34.203,45.151],[34.185,45.225],[34.02,45.233],[33.999,45.191],[33.973,45.191],[33.98,45.244],[33.933,45.244]]]},"properties":{"key":"UA01160000000090126","name":"Сімферопольський район","oblast":"Автономна Республіка Крим"}},{"type":"Feature","geometry":{"type":"Polygon","coordinates":[[[35.538,45.127],[35.515,45.17],[35.427,45.172],[35.424,45.215],[35.463,45.218],[35.449,45.268],[35.46,45.298],[35.413,45.305],[35.349,45.355],[35.18,45.527],[35.104,45.589],[35.012,45.562],[35,45.499],[34.92,45.493],[34.927,45.439],[34.843,45.448],[34.855,45.429],[34.758,45.422],[34.817,45.383],[34.806,45.358],[34.758,45.359],[34.766,45.287],[34.726,45.287],[34.674,45.225],[34.669,45.188],[34.768,45.224],[34.765,45.161],[34.791,45.179],[34.865,45.178],[34.89,45.16],[34.862,45.132],[34.862,45.081],[34.923,45.079],[34.927,45.049],[34.964,45.058],[34.958,45.012],[34.883,44.999],[34.879,44.948],[34.829,44.931],[34.801,44.9],[34.741,44.881],[34.722,44.844],[34.734,44.812],[34.807,44.82],[34.896,44.816],[34.967,44.84],[35.031,44.83],[35.08,44.792],[35.128,44.829],[35.158,44.894],[35.235,44.916],[35.248,44.954],[35.275,44.969],[35.353,44.963],[35.365,44.994],[35.425,45.013],[35.383,45.034],[35.423,45.084],[35.538,45.127]]]},"properties":{"key":"UA01180000000068971","name":"Феодосійський район","oblast":"Автономна Республіка Крим"}},{"type":"Feature","geometry":{"type":"Polygon","coordinates":[[[33.926,44.421],[33.847,44.417],[33.762,44.389],[33.862,44.407],[33.972,44.392],[34.094,44.428],[34.129,44.43],[34.165,44.493],[34.25,44.506],[34.279,44.541],[34.347,44.549],[34.417,44.672],[34.46,44.712],[34.604,44.773],[34.734,44.812],[34.722,44.844],[34.741,44.881],[34.701,44.9],[34.693,44.873],[34.65,44.88],[34.607,44.842],[34.604,44.877],[34.537,44.888],[34.536,44.866],[34.473,44.857],[34.483,44.842],[34.427,44.813],[34.328,44.747],[34.28,44.764],[34.247,44.717],[34.185,44.719],[34.187,44.693],[34.239,44.642],[34.239,44.593],[34.202,44.587],[34.123,44.546],[34.105,44.519],[34.003,44.473],[33.981,44.441],[33.926,44.421]]]},"properties":{"key":"UA01200000000063976","name":"Ялтинський район","oblast":"Автономна Республіка Крим"}},{"type":"Feature","geometry":{"type":"Polygon","coordinates":[[[28.985,49.603],[28.977,49.552],[29.006,49.528],[28.969,49.505],[29.002,49.472],[28.965,49.448],[28.891,49.445],[28.78,49.42],[28.767,49.433],[28.687,49.42],[28.647,49.427],[28.62,49.403],[28.68,49.36],[28.662,49.338],[28.585,49.344],[28.473,49.4],[28.408,49.348],[28.368,49.379],[28.296,49.4],[28.297,49.422],[28.253,49.443],[28.204,49.435],[28.054,49.469],[28.05,49.452],[27.961,49.451],[27.994,49.438],[27.996,49.409],[27.923,49.43],[27.882,49.412],[27.85,49.421],[27.812,49.388],[27.813,49.358],[27.858,49.328],[27.849,49.264],[27.887,49.213],[27.987,49.262],[28.08,49.251],[28.105,49.231],[28.095,49.194],[28.203,49.136],[28.233,49.079],[28.188,49.059],[28.234,49.014],[28.232,48.994],[28.296,48.986],[28.255,48.924],[28.309,48.886],[28.287,48.87],[28.344,48.824],[28.381,48.865],[28.444,48.869],[28.489,48.842],[28.526,48.84],[28.518,48.875],[28.551,48.895],[28.597,48.882],[28.625,48.933],[28.634,48.893],[28.724,48.858],[28.796,48.903],[28.826,48.848],[28.919,48.866],[28.905,48.907],[28.972,48.902],[28.982,48.935],[29.036,48.952],[29.062,49.001],[29.111,48.995],[29.173,48.956],[29.227,48.985],[29.282,48.987],[29.312,49.015],[29.356,49.02],[29.379,49.055],[29.415,49.061],[29.407,49.085],[29.464,49.114],[29.519,49.116],[29.55,49.071],[29.544,49.048],[29.606,49.057],[29.629,49.051],[29.651,49.097],[29.734,49.123],[29.71,49.155],[29.726,49.203],[29.704,49.225],[29.737,49.228],[29.701,49.261],[29.69,49.237],[29.613,49.266],[29.619,49.306],[29.535,49.324],[29.505,49.396],[29.563,49.414],[29.595,49.443],[29.543,49.485],[29.585,49.495],[29.539,49.521],[29.531,49.562],[29.496,49.6],[29.535,49.637],[29.505,49.649],[29.41,49.659],[29.38,49.62],[29.276,49.627],[29.276,49.59],[29.242,49.603],[29.213,49.588],[29.027,49.59],[28.985,49.603]]]},"properties":{"key":"UA05020000000026686","name":"Вінницький район","oblast":"Вінницька область"}},{"type":"Feature","geometry":{"type":"Polygon","coordinates":[[[29.606,49.057],[29.544,49.048],[29.55,49.071],[29.519,49.116],[29.464,49.114],[29.407,49.085],[29.415,49.061],[29.379,49.055],[29.356,49.02],[29.312,49.015],[29.282,48.987],[29.227,48.985],[29.173,48.956],[29.111,48.995],[29.062,49.001],[29.036,48.952],[28.982,48.935],[28.972,48.902],[28.961,48.855],[29.005,48.856],[29.01,48.828],[29.097,48.836],[29.145,48.814],[29.103,48.808],[29.117,48.777],[29.075,48.753],[29.145,48.722],[29.123,48.708],[29.062,48.723],[29.088,48.686],[29.12,48.692],[29.174,48.672],[29.142,48.608],[29.155,48.575],[29.105,48.592],[28.994,48.554],[28.958,48.562],[28.893,48.552],[28.88,48.521],[28.99,48.492],[28.987,48.46],[29.095,48.449],[29.077,48.413],[29.039,48.415],[29.033,48.355],[29.063,48.334],[29.105,48.336],[29.078,48.313],[29.108,48.275],[29.074,48.237],[29.065,48.195],[29.141,48.141],[29.209,48.134],[29.25,48.15],[29.262,48.13],[29.206,48.122],[29.221,48.105],[29.311,48.086],[29.387,48.095],[29.394,48.114],[29.472,48.122],[29.531,48.098],[29.588,48.102],[29.602,48.133],[29.664,48.108],[29.682,48.188],[29.781,48.209],[29.772,48.272],[29.749,48.289],[29.799,48.329],[29.786,48.369],[29.886,48.427],[29.957,48.451],[29.968,48.472],[30.001,48.492],[30.02,48.539],[30.006,48.573],[29.956,48.584],[29.951,48.609],[29.993,48.631],[29.856,48.714],[29.884,48.737],[29.867,48.763],[29.766,48.786],[29.762,48.847],[29.732,48.855],[29.736,48.908],[29.652,48.937],[29.652,48.96],[29.696,49.001],[29.685,49.027],[29.639,49.012],[29.606,49.057]]]},"properties":{"key":"UA05040000000050292","name":"Гайсинський район","oblast":"Вінницька область"}},{"type":"Feature","geometry":{"type":"Polygon","coordinates":[[[28.344,48.824],[28.287,48.87],[28.309,48.886],[28.255,48.924],[28.296,48.986],[28.232,48.994],[28.234,49.014],[28.188,49.059],[28.233,49.079],[28.203,49.136],[28.095,49.194],[28.105,49.231],[28.08,49.251],[27.987,49.262],[27.887,49.213],[27.898,49.188],[27.856,49.171],[27.776,49.19],[27.741,49.143],[27.698,49.139],[27.64,49.168],[27.603,49.162],[27.578,49.122],[27.508,49.132],[27.482,49.085],[27.502,49.07],[27.435,49.07],[27.382,49.005],[27.418,48.972],[27.394,48.928],[27.405,48.889],[27.487,48.923],[27.589,48.876],[27.61,48.843],[27.676,48.813],[27.751,48.801],[27.787,48.838],[27.843,48.81],[27.881,48.772],[27.88,48.734],[27.916,48.71],[27.918,48.68],[27.959,48.678],[27.975,48.642],[28.058,48.652],[28.098,48.623],[28.173,48.619],[28.244,48.604],[28.3,48.573],[28.393,48.64],[28.471,48.68],[28.46,48.73],[28.371,48.772],[28.399,48.785],[28.344,48.824]]]},"properties":{"key":"UA05060000000061926","name":"Жмеринський район","oblast":"Вінницька область"}},{"type":"Feature","geometry":{"type":"Polygon","coordinates":[[[27.534,48.47],[27.602,48.489],[27.591,48.461],[27.644,48.442],[27.76,48.457],[27.82,48.419],[27.869,48.407],[27.882,48.373],[27.964,48.325],[28.071,48.319],[28.093,48.294],[28.079,48.246],[28.11,48.233],[28.144,48.263],[28.182,48.255],[28.186,48.216],[28.232,48.21],[28.303,48.241],[28.361,48.241],[28.36,48.189],[28.31,48.163],[28.307,48.139],[28.356,48.139],[28.383,48.175],[28.433,48.168],[28.423,48.12],[28.454,48.079],[28.499,48.066],[28.499,48.128],[28.577,48.182],[28.591,48.212],[28.54,48.26],[28.501,48.266],[28.507,48.323],[28.464,48.347],[28.449,48.376],[28.465,48.423],[28.393,48.41],[28.348,48.486],[28.351,48.514],[28.296,48.557],[28.3,48.573],[28.244,48.604],[28.173,48.619],[28.098,48.623],[28.058,48.652],[27.975,48.642],[27.959,48.678],[27.918,48.68],[27.916,48.71],[27.88,48.734],[27.881,48.772],[27.843,48.81],[27.787,48.838],[27.751,48.801],[27.676,48.813],[27.61,48.843],[27.589,48.876],[27.487,48.923],[27.405,48.889],[27.412,48.81],[27.427,48.794],[27.39,48.765],[27.417,48.74],[27.414,48.703],[27.372,48.629],[27.457,48.59],[27.482,48.537],[27.479,48.507],[27.534,48.47]]]},"properties":{"key":"UA05080000000040234","name":"Могилів-Подільський район","oblast":"Вінницька область"}},{"type":"Feature","geometry":{"type":"Polygon","coordinates":[[[28.3,48.573],[28.296,48.557],[28.351,48.514],[28.348,48.486],[28.393,48.41],[28.465,48.423],[28.449,48.376],[28.464,48.347],[28.507,48.323],[28.501,48.266],[28.54,48.26],[28.591,48.212],[28.577,48.182],[28.611,48.157],[28.682,48.147],[28.688,48.125],[28.806,48.135],[28.855,48.108],[28.848,48.079],[28.931,48.095],[28.945,48.157],[29.01,48.148],[29.032,48.126],[29.065,48.195],[29.074,48.237],[29.108,48.275],[29.078,48.313],[29.105,48.336],[29.063,48.334],[29.033,48.355],[29.039,48.415],[29.077,48.413],[29.095,48.449],[28.987,48.46],[28.99,48.492],[28.88,48.521],[28.893,48.552],[28.958,48.562],[28.994,48.554],[29.105,48.592],[29.155,48.575],[29.142,48.608],[29.174,48.672],[29.12,48.692],[29.088,48.686],[29.062,48.723],[29.123,48.708],[29.145,48.722],[29.075,48.753],[29.117,48.777],[29.103,48.808],[29.145,48.814],[29.097,48.836],[29.01,48.828],[29.005,48.856],[28.961,48.855],[28.972,48.902],[28.905,48.907],[28.919,48.866],[28.826,48.848],[28.796,48.903],[28.724,48.858],[28.634,48.893],[28.625,48.933],[28.597,48.882],[28.551,48.895],[28.518,48.875],[28.526,48.84],[28.489,48.842],[28.444,48.869],[28.381,48.865],[28.344,48.824],[28.399,48.785],[28.371,48.772],[28.46,48.73],[28.471,48.68],[28.393,48.64],[28.3,48.573]]]},"properties":{"key":"UA05100000000022396","name":"Тульчинський район","oblast":"Вінницька область"}},{"type":"Feature","geometry":{"type":"Polygon","coordinates":[[[27.85,49.421],[27.882,49.412],[27.923,49.43],[27.996,49.409],[27.994,49.438],[27.961,49.451],[28.05,49.452],[28.054,49.469],[28.204,49.435],[28.253,49.443],[28.297,49.422],[28.296,49.4],[28.368,49.379],[28.408,49.348],[28.473,49.4],[28.585,49.344],[28.662,49.338],[28.68,49.36],[28.62,49.403],[28.647,49.427],[28.687,49.42],[28.767,49.433],[28.78,49.42],[28.891,49.445],[28.965,49.448],[29.002,49.472],[28.969,49.505],[29.006,49.528],[28.977,49.552],[28.985,49.603],[29.01,49.633],[28.947,49.674],[29.005,49.727],[28.942,49.784],[28.97,49.804],[28.954,49.84],[28.899,49.882],[28.857,49.889],[28.844,49.86],[28.751,49.844],[28.734,49.798],[28.636,49.817],[28.602,49.81],[28.57,49.774],[28.529,49.82],[28.482,49.807],[28.422,49.825],[28.379,49.78],[28.297,49.801],[28.155,49.786],[28.098,49.772],[27.98,49.78],[27.919,49.767],[27.845,49.753],[27.818,49.734],[27.812,49.702],[27.763,49.697],[27.766,49.666],[27.812,49.645],[27.758,49.573],[27.794,49.531],[27.742,49.531],[27.74,49.493],[27.764,49.479],[27.75,49.44],[27.805,49.439],[27.85,49.421]]]},"properties":{"key":"UA05120000000017020","name":"Хмільницький район","oblast":"Вінницька область"}},{"type":"Feature","geometry":{"type":"Polygon","coordinates":[[[24.54,50.541],[24.616,50.561],[24.645,50.592],[24.733,50.591],[24.737,50.572],[24.821,50.575],[24.826,50.599],[24.881,50.675],[24.876,50.715],[24.936,50.704],[24.939,50.752],[24.904,50.835],[24.828,50.858],[24.818,50.886],[24.741,50.9],[24.713,50.87],[24.669,50.862],[24.559,50.911],[24.419,50.945],[24.429,50.957],[24.35,50.977],[24.377,50.986],[24.37,51.046],[24.312,51.039],[24.284,51.057],[24.293,51.089],[24.239,51.096],[24.165,51.076],[24.125,51.052],[24.1,51.01],[23.981,51.021],[23.93,51.038],[23.917,51.031],[23.967,50.978],[23.97,50.952],[24.055,50.891],[24.145,50.87],[24.131,50.849],[24.073,50.834],[23.99,50.838],[23.958,50.794],[24.024,50.766],[24.019,50.726],[24.072,50.721],[24.063,50.684],[24.098,50.637],[24.171,50.635],[24.23,50.584],[24.318,50.574],[24.323,50.6],[24.381,50.609],[24.413,50.587],[24.406,50.56],[24.449,50.541],[24.489,50.556],[24.54,50.541]]]},"properties":{"key":"UA07020000000048211","name":"Володимирський район","oblast":"Волинська область"}},{"type":"Feature","geometry":{"type":"Polygon","coordinates":[[[25.411,51.129],[25.457,51.158],[25.658,51.159],[25.784,51.141],[25.774,51.185],[25.948,51.232],[25.933,51.277],[25.821,51.345],[25.844,51.376],[25.755,51.381],[25.76,51.4],[25.702,51.383],[25.647,51.417],[25.641,51.479],[25.61,51.507],[25.555,51.501],[25.55,51.519],[25.599,51.581],[25.555,51.624],[25.609,51.641],[25.681,51.755],[25.632,51.804],[25.64,51.849],[25.709,51.895],[25.628,51.903],[25.593,51.925],[25.527,51.94],[25.465,51.919],[25.343,51.933],[25.264,51.969],[25.191,51.969],[25.1,51.953],[24.934,51.892],[24.926,51.836],[24.891,51.811],[24.845,51.826],[24.816,51.775],[24.723,51.757],[24.712,51.708],[24.673,51.721],[24.7,51.675],[24.655,51.603],[24.764,51.61],[24.784,51.532],[24.752,51.487],[24.755,51.453],[24.881,51.404],[24.899,51.379],[24.957,51.375],[24.966,51.351],[25.11,51.381],[25.194,51.38],[25.173,51.326],[25.206,51.283],[25.256,51.285],[25.275,51.251],[25.327,51.25],[25.338,51.217],[25.286,51.218],[25.306,51.184],[25.411,51.129]]]},"properties":{"key":"UA07040000000026412","name":"Камінь-Каширський район","oblast":"Волинська область"}},{"type":"Feature","geometry":{"type":"Polygon","coordinates":[[[24.818,50.886],[24.828,50.941],[24.885,50.954],[24.828,51.001],[24.904,51],[24.948,51.019],[25.194,51.046],[25.249,51.08],[25.256,51.121],[25.32,51.127],[25.333,51.112],[25.411,51.129],[25.306,51.184],[25.286,51.218],[25.338,51.217],[25.327,51.25],[25.275,51.251],[25.256,51.285],[25.206,51.283],[25.173,51.326],[25.194,51.38],[25.11,51.381],[24.966,51.351],[24.957,51.375],[24.899,51.379],[24.881,51.404],[24.755,51.453],[24.752,51.487],[24.784,51.532],[24.764,51.61],[24.655,51.603],[24.7,51.675],[24.673,51.721],[24.712,51.708],[24.723,51.757],[24.816,51.775],[24.845,51.826],[24.891,51.811],[24.926,51.836],[24.934,51.892],[24.915,51.917],[24.843,51.896],[24.835,51.913],[24.75,51.881],[24.712,51.896],[24.625,51.903],[24.568,51.89],[24.387,51.882],[24.295,51.799],[24.32,51.751],[24.268,51.716],[24.12,51.667],[24.075,51.619],[23.997,51.58],[23.943,51.596],[23.882,51.592],[23.913,51.631],[23.867,51.643],[23.788,51.64],[23.783,51.668],[23.678,51.653],[23.605,51.617],[23.665,51.577],[23.636,51.549],[23.672,51.519],[23.676,51.471],[23.65,51.446],[23.703,51.404],[23.636,51.319],[23.649,51.287],[23.72,51.269],[23.739,51.212],[23.861,51.157],[23.852,51.118],[23.876,51.077],[23.908,51.078],[23.93,51.038],[23.981,51.021],[24.1,51.01],[24.125,51.052],[24.165,51.076],[24.239,51.096],[24.293,51.089],[24.284,51.057],[24.312,51.039],[24.37,51.046],[24.377,50.986],[24.35,50.977],[24.429,50.957],[24.419,50.945],[24.559,50.911],[24.669,50.862],[24.713,50.87],[24.741,50.9],[24.818,50.886]]]},"properties":{"key":"UA07060000000092268","name":"Ковельський район","oblast":"Волинська область"}},{"type":"Feature","geometry":{"type":"Polygon","coordinates":[[[25.113,50.287],[25.109,50.312],[25.166,50.331],[25.141,50.369],[25.209,50.376],[25.137,50.437],[25.149,50.452],[25.084,50.475],[25.151,50.466],[25.161,50.502],[25.122,50.53],[25.137,50.548],[25.27,50.533],[25.311,50.546],[25.319,50.584],[25.292,50.631],[25.328,50.612],[25.399,50.607],[25.352,50.641],[25.414,50.667],[25.475,50.672],[25.579,50.7],[25.597,50.717],[25.694,50.725],[25.722,50.684],[25.773,50.676],[25.829,50.62],[25.823,50.647],[25.869,50.687],[25.872,50.738],[25.902,50.832],[26.022,50.821],[26.037,50.851],[25.992,50.866],[26.001,50.935],[25.967,50.957],[26.085,50.973],[26.107,51.005],[26.091,51.051],[26.017,51.083],[25.941,51.084],[25.938,51.113],[26.067,51.148],[26.059,51.185],[25.996,51.228],[25.948,51.232],[25.774,51.185],[25.784,51.141],[25.658,51.159],[25.457,51.158],[25.411,51.129],[25.333,51.112],[25.32,51.127],[25.256,51.121],[25.249,51.08],[25.194,51.046],[24.948,51.019],[24.904,51],[24.828,51.001],[24.885,50.954],[24.828,50.941],[24.818,50.886],[24.828,50.858],[24.904,50.835],[24.939,50.752],[24.936,50.704],[24.876,50.715],[24.881,50.675],[24.826,50.599],[24.821,50.575],[24.737,50.572],[24.733,50.591],[24.645,50.592],[24.616,50.561],[24.54,50.541],[24.563,50.489],[24.588,50.493],[24.597,50.414],[24.654,50.41],[24.722,50.373],[24.715,50.343],[24.767,50.338],[24.887,50.359],[24.937,50.346],[24.949,50.386],[25.017,50.342],[25.06,50.341],[25.056,50.301],[25.113,50.287]]]},"properties":{"key":"UA07080000000034745","name":"Луцький район","oblast":"Волинська область"}},{"type":"Feature","geometry":{"type":"Polygon","coordinates":[[[35.195,48.14],[35.196,48.231],[35.181,48.26],[35.226,48.255],[35.262,48.347],[35.309,48.37],[35.269,48.392],[35.244,48.433],[35.303,48.44],[35.279,48.486],[35.224,48.552],[35.142,48.586],[35.183,48.648],[35.139,48.7],[35.162,48.732],[35.07,48.755],[35.006,48.692],[34.929,48.753],[34.954,48.766],[34.897,48.809],[34.891,48.834],[34.842,48.823],[34.839,48.777],[34.785,48.755],[34.766,48.845],[34.735,48.872],[34.789,48.91],[34.76,48.934],[34.739,48.995],[34.692,49.048],[34.687,49.073],[34.624,49.123],[34.574,49.063],[34.466,49.064],[34.402,49.094],[34.416,49.055],[34.36,49.033],[34.326,48.999],[34.353,48.984],[34.313,48.941],[34.301,48.895],[34.338,48.871],[34.339,48.82],[34.297,48.821],[34.309,48.765],[34.293,48.724],[34.407,48.667],[34.446,48.611],[34.516,48.578],[34.551,48.611],[34.583,48.599],[34.604,48.627],[34.633,48.59],[34.573,48.587],[34.586,48.543],[34.681,48.533],[34.772,48.473],[34.744,48.443],[34.638,48.459],[34.511,48.457],[34.562,48.433],[34.597,48.33],[34.57,48.325],[34.607,48.289],[34.592,48.254],[34.551,48.274],[34.506,48.253],[34.473,48.264],[34.425,48.235],[34.435,48.196],[34.383,48.206],[34.394,48.161],[34.429,48.129],[34.376,48.131],[34.28,48.11],[34.289,48.078],[34.2,48.058],[34.238,48.028],[34.185,47.97],[34.303,47.978],[34.318,47.929],[34.343,47.919],[34.41,47.929],[34.373,47.939],[34.441,47.954],[34.446,47.927],[34.534,47.939],[34.61,47.982],[34.602,48.013],[34.731,48.027],[34.744,47.985],[34.821,47.997],[34.847,48.014],[34.839,48.051],[34.876,48.054],[34.855,48.133],[34.916,48.131],[34.915,48.091],[35.036,48.098],[35.103,48.132],[35.195,48.14]]]},"properties":{"key":"UA12020000000052809","name":"Дніпровський район","oblast":"Дніпропетровська область"}},{"type":"Feature","geometry":{"type":"Polygon","coordinates":[[[33.894,48.902],[33.861,48.835],[33.851,48.771],[33.811,48.803],[33.725,48.789],[33.72,48.81],[33.673,48.814],[33.659,48.793],[33.583,48.797],[33.593,48.748],[33.619,48.728],[33.682,48.723],[33.75,48.682],[33.805,48.688],[33.802,48.663],[33.757,48.657],[33.764,48.626],[33.661,48.586],[33.609,48.599],[33.623,48.567],[33.585,48.576],[33.509,48.568],[33.469,48.534],[33.489,48.44],[33.468,48.388],[33.473,48.33],[33.518,48.329],[33.51,48.292],[33.546,48.236],[33.578,48.252],[33.57,48.314],[33.613,48.318],[33.624,48.291],[33.609,48.243],[33.642,48.257],[33.739,48.265],[33.772,48.286],[33.779,48.257],[33.875,48.259],[33.886,48.219],[33.924,48.223],[33.935,48.179],[34.005,48.185],[34.016,48.142],[34.059,48.152],[34.085,48.102],[34.2,48.058],[34.289,48.078],[34.28,48.11],[34.376,48.131],[34.429,48.129],[34.394,48.161],[34.383,48.206],[34.435,48.196],[34.425,48.235],[34.473,48.264],[34.506,48.253],[34.551,48.274],[34.592,48.254],[34.607,48.289],[34.57,48.325],[34.597,48.33],[34.562,48.433],[34.511,48.457],[34.638,48.459],[34.744,48.443],[34.772,48.473],[34.681,48.533],[34.586,48.543],[34.573,48.587],[34.633,48.59],[34.604,48.627],[34.583,48.599],[34.551,48.611],[34.516,48.578],[34.446,48.611],[34.407,48.667],[34.293,48.724],[34.296,48.739],[34.127,48.784],[34.127,48.812],[34.035,48.844],[34.011,48.867],[33.931,48.88],[33.894,48.902]]]},"properties":{"key":"UA12040000000032213","name":"Кам'янський район","oblast":"Дніпропетровська область"}},{"type":"Feature","geometry":{"type":"Polygon","coordinates":[[[34.115,47.475],[34.109,47.552],[34.046,47.568],[34.088,47.596],[34.05,47.619],[34.069,47.633],[34.024,47.649],[34.036,47.666],[33.979,47.666],[33.928,47.693],[33.96,47.743],[34.022,47.751],[34.069,47.797],[34.043,47.807],[34.025,47.874],[34.004,47.872],[34.011,47.928],[34.093,47.948],[34.124,47.939],[34.185,47.97],[34.238,48.028],[34.2,48.058],[34.085,48.102],[34.059,48.152],[34.016,48.142],[34.005,48.185],[33.935,48.179],[33.924,48.223],[33.886,48.219],[33.875,48.259],[33.779,48.257],[33.772,48.286],[33.739,48.265],[33.642,48.257],[33.609,48.243],[33.624,48.291],[33.613,48.318],[33.57,48.314],[33.578,48.252],[33.546,48.236],[33.485,48.214],[33.496,48.202],[33.43,48.189],[33.432,48.171],[33.292,48.15],[33.316,48.118],[33.277,48.103],[33.272,48.154],[33.214,48.161],[33.232,48.127],[33.182,48.118],[33.225,48.092],[33.154,48.084],[33.106,48.065],[33.109,48.042],[33.037,48.034],[33.004,47.989],[33.014,47.91],[33.078,47.92],[33.055,47.832],[33.072,47.739],[32.972,47.723],[32.997,47.615],[32.961,47.59],[33.095,47.597],[33.093,47.579],[33.176,47.568],[33.234,47.577],[33.215,47.534],[33.288,47.542],[33.279,47.52],[33.314,47.483],[33.349,47.494],[33.323,47.524],[33.486,47.544],[33.474,47.587],[33.58,47.6],[33.588,47.502],[33.636,47.514],[33.644,47.485],[33.94,47.516],[33.957,47.458],[34.017,47.46],[34.115,47.475]]]},"properties":{"key":"UA12060000000022633","name":"Криворізький район","oblast":"Дніпропетровська область"}},{"type":"Feature","geometry":{"type":"Polygon","coordinates":[[[34.185,47.97],[34.124,47.939],[34.093,47.948],[34.011,47.928],[34.004,47.872],[34.025,47.874],[34.043,47.807],[34.069,47.797],[34.022,47.751],[33.96,47.743],[33.928,47.693],[33.979,47.666],[34.036,47.666],[34.024,47.649],[34.069,47.633],[34.05,47.619],[34.088,47.596],[34.046,47.568],[34.109,47.552],[34.115,47.475],[34.139,47.477],[34.234,47.494],[34.3,47.519],[34.469,47.532],[34.572,47.562],[34.67,47.556],[34.736,47.539],[34.796,47.537],[34.862,47.515],[34.944,47.53],[34.965,47.548],[34.936,47.582],[34.933,47.636],[34.906,47.674],[34.938,47.677],[34.93,47.712],[34.956,47.712],[34.957,47.77],[34.894,47.76],[34.879,47.818],[34.903,47.83],[34.864,47.879],[34.817,47.864],[34.802,47.916],[34.849,47.938],[34.919,47.933],[34.905,47.986],[34.87,47.982],[34.847,48.014],[34.821,47.997],[34.744,47.985],[34.731,48.027],[34.602,48.013],[34.61,47.982],[34.534,47.939],[34.446,47.927],[34.441,47.954],[34.373,47.939],[34.41,47.929],[34.343,47.919],[34.318,47.929],[34.303,47.978],[34.185,47.97]]]},"properties":{"key":"UA12080000000023578","name":"Нікопольський район","oblast":"Дніпропетровська область"}},{"type":"Feature","geometry":{"type":"Polygon","coordinates":[[[35.018,49.151],[34.949,49.194],[34.899,49.149],[34.896,49.169],[34.847,49.191],[34.758,49.165],[34.765,49.151],[34.665,49.119],[34.624,49.123],[34.687,49.073],[34.692,49.048],[34.739,48.995],[34.76,48.934],[34.789,48.91],[34.735,48.872],[34.766,48.845],[34.785,48.755],[34.839,48.777],[34.842,48.823],[34.891,48.834],[34.897,48.809],[34.954,48.766],[34.929,48.753],[35.006,48.692],[35.07,48.755],[35.162,48.732],[35.139,48.7],[35.183,48.648],[35.142,48.586],[35.224,48.552],[35.279,48.486],[35.303,48.44],[35.315,48.424],[35.372,48.455],[35.331,48.508],[35.435,48.538],[35.522,48.527],[35.553,48.538],[35.525,48.598],[35.555,48.595],[35.549,48.632],[35.595,48.664],[35.619,48.702],[35.678,48.739],[35.66,48.769],[35.68,48.81],[35.647,48.831],[35.686,48.847],[35.645,48.887],[35.758,48.886],[35.808,48.876],[35.815,48.929],[35.596,48.987],[35.578,48.975],[35.486,48.973],[35.439,49.011],[35.4,49.019],[35.259,49.112],[35.19,49.111],[35.228,49.127],[35.187,49.163],[35.076,49.149],[35.049,49.176],[35.018,49.151]]]},"properties":{"key":"UA12100000000039307","name":"Самарівський район","oblast":"Дніпропетровська область"}},{"type":"Feature","geometry":{"type":"Polygon","coordinates":[[[35.522,48.527],[35.533,48.499],[35.569,48.522],[35.615,48.511],[35.648,48.478],[35.67,48.491],[35.707,48.461],[35.746,48.472],[35.792,48.435],[35.783,48.405],[35.679,48.361],[35.701,48.335],[35.732,48.341],[35.753,48.299],[35.789,48.286],[35.815,48.313],[35.805,48.355],[35.824,48.377],[35.884,48.391],[35.889,48.409],[36.103,48.35],[36.047,48.458],[36.107,48.438],[36.114,48.419],[36.154,48.442],[36.19,48.436],[36.296,48.531],[36.271,48.544],[36.319,48.587],[36.251,48.621],[36.281,48.661],[36.143,48.724],[36.159,48.784],[36.129,48.806],[36.065,48.808],[36.076,48.833],[36.019,48.855],[36.012,48.888],[36.044,48.915],[35.996,48.939],[35.99,48.969],[35.94,48.999],[35.917,48.969],[35.884,48.975],[35.815,48.929],[35.808,48.876],[35.758,48.886],[35.645,48.887],[35.686,48.847],[35.647,48.831],[35.68,48.81],[35.66,48.769],[35.678,48.739],[35.619,48.702],[35.595,48.664],[35.549,48.632],[35.555,48.595],[35.525,48.598],[35.553,48.538],[35.522,48.527]]]},"properties":{"key":"UA12120000000089862","name":"Павлоградський район","oblast":"Дніпропетровська область"}},{"type":"Feature","geometry":{"type":"Polygon","coordinates":[[[36.296,48.531],[36.19,48.436],[36.154,48.442],[36.114,48.419],[36.107,48.438],[36.047,48.458],[36.103,48.35],[35.889,48.409],[35.884,48.391],[35.824,48.377],[35.805,48.355],[35.815,48.313],[35.789,48.286],[35.753,48.299],[35.732,48.341],[35.701,48.335],[35.679,48.361],[35.783,48.405],[35.792,48.435],[35.746,48.472],[35.707,48.461],[35.67,48.491],[35.648,48.478],[35.615,48.511],[35.569,48.522],[35.533,48.499],[35.522,48.527],[35.435,48.538],[35.331,48.508],[35.372,48.455],[35.315,48.424],[35.303,48.44],[35.244,48.433],[35.269,48.392],[35.309,48.37],[35.262,48.347],[35.226,48.255],[35.181,48.26],[35.196,48.231],[35.195,48.14],[35.279,48.145],[35.338,48.124],[35.486,48.095],[35.524,48.075],[35.703,48.14],[35.743,48.096],[35.806,48.1],[35.817,48.066],[35.967,48.095],[35.975,48.043],[36.052,48.059],[36.085,47.93],[36.109,47.942],[36.13,47.89],[36.119,47.865],[36.074,47.849],[36.179,47.851],[36.198,47.833],[36.266,47.833],[36.275,47.815],[36.333,47.821],[36.324,47.839],[36.449,47.824],[36.523,47.829],[36.585,47.847],[36.577,47.88],[36.542,47.906],[36.64,47.92],[36.629,47.962],[36.585,47.957],[36.591,48.02],[36.574,48.04],[36.587,48.083],[36.655,48.095],[36.748,48.062],[36.855,48.035],[36.882,48.063],[36.896,48.078],[36.873,48.184],[36.937,48.194],[36.912,48.309],[36.817,48.313],[36.812,48.368],[36.825,48.415],[36.85,48.416],[36.83,48.485],[36.85,48.518],[36.904,48.531],[36.859,48.569],[36.788,48.567],[36.779,48.6],[36.745,48.596],[36.739,48.626],[36.672,48.625],[36.591,48.603],[36.483,48.664],[36.381,48.57],[36.355,48.532],[36.324,48.556],[36.296,48.531]]]},"properties":{"key":"UA12140000000011720","name":"Синельниківський район","oblast":"Дніпропетровська область"}},{"type":"Feature","geometry":{"type":"MultiPolygon","coordinates":[[[[37.859,48.335],[37.837,48.347],[37.811,48.32],[37.859,48.335]]],[[[37.905,48.352],[37.932,48.359],[37.914,48.369],[37.934,48.417],[37.87,48.405],[37.817,48.417],[37.823,48.368],[37.905,48.352]]],[[[38.012,48.477],[38.032,48.383],[38.037,48.411],[38.095,48.412],[38.103,48.394],[38.187,48.412],[38.208,48.361],[38.263,48.366],[38.249,48.395],[38.319,48.393],[38.393,48.432],[38.311,48.456],[38.321,48.508],[38.279,48.546],[38.263,48.637],[38.226,48.652],[38.287,48.665],[38.325,48.714],[38.317,48.735],[38.263,48.75],[38.278,48.801],[38.314,48.828],[38.222,48.839],[38.228,48.937],[38.196,48.928],[38.091,48.94],[38.037,48.925],[38.005,48.899],[38.041,48.891],[38.004,48.848],[37.908,48.84],[37.935,48.795],[37.864,48.805],[37.82,48.761],[37.802,48.691],[37.842,48.671],[37.815,48.647],[37.829,48.6],[37.8,48.596],[37.827,48.546],[37.852,48.554],[37.921,48.503],[37.929,48.482],[38.012,48.477]]]]},"properties":{"key":"UA14020000000013572","name":"Бахмутський район","oblast":"Донецька область"}},{"type":"Feature","geometry":{"type":"Polygon","coordinates":[[[36.585,47.847],[36.605,47.851],[36.588,47.785],[36.671,47.794],[36.686,47.731],[36.713,47.679],[36.792,47.685],[36.775,47.665],[36.718,47.659],[36.725,47.631],[36.765,47.601],[36.83,47.624],[36.893,47.545],[36.944,47.576],[37.002,47.539],[37.021,47.553],[37.074,47.494],[37.158,47.455],[37.245,47.468],[37.335,47.397],[37.357,47.416],[37.409,47.4],[37.407,47.356],[37.59,47.37],[37.637,47.338],[37.7,47.333],[37.699,47.371],[37.841,47.359],[37.859,47.41],[37.964,47.421],[37.964,47.449],[37.89,47.45],[37.888,47.487],[37.841,47.494],[37.847,47.566],[37.816,47.595],[37.823,47.639],[37.691,47.712],[37.664,47.688],[37.602,47.706],[37.617,47.731],[37.606,47.811],[37.51,47.813],[37.428,47.8],[37.296,47.832],[37.292,47.802],[37.248,47.839],[37.257,47.867],[37.215,47.873],[37.147,47.91],[37.149,47.929],[37.07,47.934],[37.076,47.978],[37.154,47.959],[37.177,48.005],[37.153,48.1],[37.113,48.09],[36.882,48.063],[36.855,48.035],[36.748,48.062],[36.655,48.095],[36.587,48.083],[36.574,48.04],[36.591,48.02],[36.585,47.957],[36.629,47.962],[36.64,47.92],[36.542,47.906],[36.577,47.88],[36.585,47.847]]]},"properties":{"key":"UA14040000000098211","name":"Волноваський район","oblast":"Донецька область"}},{"type":"Feature","geometry":{"type":"Polygon","coordinates":[[[37.953,48.198],[37.989,48.198],[38.042,48.144],[38.133,48.174],[38.207,48.128],[38.18,48.092],[38.256,48.102],[38.248,48.128],[38.308,48.125],[38.31,48.091],[38.337,48.091],[38.319,48.048],[38.358,48.031],[38.364,47.988],[38.391,47.958],[38.455,47.936],[38.494,47.956],[38.561,47.93],[38.558,47.96],[38.596,47.959],[38.605,47.917],[38.644,47.929],[38.674,47.91],[38.735,47.914],[38.749,47.866],[38.776,47.879],[38.843,47.865],[38.878,47.876],[39.074,47.87],[39.065,47.896],[39.091,47.939],[39.039,47.956],[39.04,48.007],[38.861,48.015],[38.825,48.03],[38.829,48.058],[38.8,48.075],[38.82,48.116],[38.663,48.151],[38.669,48.165],[38.602,48.173],[38.613,48.204],[38.588,48.238],[38.567,48.27],[38.427,48.278],[38.433,48.339],[38.47,48.349],[38.469,48.379],[38.437,48.396],[38.433,48.448],[38.393,48.432],[38.319,48.393],[38.249,48.395],[38.263,48.366],[38.208,48.361],[38.187,48.412],[38.103,48.394],[38.095,48.412],[38.037,48.411],[38.032,48.383],[38.012,48.477],[37.959,48.45],[37.958,48.448],[37.963,48.41],[37.932,48.359],[37.905,48.352],[37.939,48.324],[37.886,48.308],[37.927,48.254],[37.894,48.231],[37.936,48.23],[37.953,48.198]]]},"properties":{"key":"UA14060000000024357","name":"Горлівський район","oblast":"Донецька область"}},{"type":"Feature","geometry":{"type":"Polygon","coordinates":[[[38.843,47.865],[38.776,47.879],[38.749,47.866],[38.735,47.914],[38.674,47.91],[38.644,47.929],[38.605,47.917],[38.596,47.959],[38.558,47.96],[38.561,47.93],[38.494,47.956],[38.455,47.936],[38.391,47.958],[38.364,47.988],[38.358,48.031],[38.319,48.048],[38.337,48.091],[38.31,48.091],[38.308,48.125],[38.248,48.128],[38.256,48.102],[38.18,48.092],[38.207,48.128],[38.133,48.174],[38.042,48.144],[37.989,48.198],[37.953,48.198],[37.899,48.146],[37.838,48.142],[37.828,48.182],[37.777,48.151],[37.808,48.121],[37.693,48.103],[37.702,48.059],[37.657,48.034],[37.681,48.005],[37.626,48.003],[37.615,48.056],[37.541,48.051],[37.562,47.978],[37.527,47.938],[37.547,47.867],[37.603,47.864],[37.624,47.893],[37.61,47.924],[37.658,47.919],[37.689,47.89],[37.852,47.907],[37.906,47.886],[37.92,47.831],[37.945,47.86],[38.004,47.851],[38.04,47.813],[38.095,47.819],[38.144,47.806],[38.184,47.836],[38.207,47.811],[38.257,47.815],[38.219,47.767],[38.189,47.776],[38.19,47.73],[38.283,47.687],[38.317,47.703],[38.327,47.654],[38.357,47.617],[38.457,47.617],[38.457,47.644],[38.616,47.645],[38.63,47.669],[38.666,47.67],[38.665,47.698],[38.773,47.685],[38.789,47.737],[38.789,47.816],[38.829,47.815],[38.843,47.865]]]},"properties":{"key":"UA14080000000098686","name":"Донецький район","oblast":"Донецька область"}},{"type":"Feature","geometry":{"type":"Polygon","coordinates":[[[37.877,47.107],[37.971,47.089],[38.035,47.089],[38.064,47.112],[38.16,47.066],[38.236,47.139],[38.233,47.229],[38.325,47.257],[38.336,47.306],[38.221,47.305],[38.222,47.333],[38.257,47.373],[38.303,47.392],[38.302,47.475],[38.285,47.544],[38.311,47.576],[38.351,47.576],[38.357,47.617],[38.327,47.654],[38.317,47.703],[38.283,47.687],[38.19,47.73],[38.189,47.776],[38.219,47.767],[38.257,47.815],[38.207,47.811],[38.184,47.836],[38.144,47.806],[38.095,47.819],[38.04,47.813],[38.004,47.851],[37.945,47.86],[37.92,47.831],[37.906,47.886],[37.852,47.907],[37.689,47.89],[37.658,47.919],[37.61,47.924],[37.624,47.893],[37.603,47.864],[37.547,47.867],[37.51,47.813],[37.606,47.811],[37.617,47.731],[37.602,47.706],[37.664,47.688],[37.691,47.712],[37.823,47.639],[37.816,47.595],[37.847,47.566],[37.841,47.494],[37.888,47.487],[37.89,47.45],[37.964,47.449],[37.964,47.421],[37.859,47.41],[37.841,47.359],[37.837,47.313],[37.795,47.281],[37.863,47.271],[37.84,47.214],[37.883,47.21],[37.881,47.157],[37.786,47.141],[37.816,47.106],[37.877,47.107]]]},"properties":{"key":"UA14100000000010319","name":"Кальміуський район","oblast":"Донецька область"}},{"type":"Feature","geometry":{"type":"Polygon","coordinates":[[[36.904,48.531],[37.053,48.559],[37.063,48.606],[37.165,48.591],[37.163,48.609],[37.252,48.601],[37.259,48.568],[37.301,48.572],[37.294,48.602],[37.397,48.536],[37.363,48.482],[37.433,48.475],[37.453,48.347],[37.494,48.318],[37.54,48.34],[37.608,48.307],[37.6,48.279],[37.721,48.263],[37.71,48.309],[37.75,48.323],[37.736,48.353],[37.792,48.374],[37.795,48.376],[37.796,48.377],[37.818,48.368],[37.823,48.368],[37.817,48.417],[37.87,48.405],[37.934,48.417],[37.914,48.369],[37.932,48.359],[37.963,48.41],[37.958,48.448],[37.959,48.45],[38.012,48.477],[37.929,48.482],[37.921,48.503],[37.852,48.554],[37.827,48.546],[37.8,48.596],[37.829,48.6],[37.815,48.647],[37.842,48.671],[37.802,48.691],[37.82,48.761],[37.864,48.805],[37.935,48.795],[37.908,48.84],[38.004,48.848],[38.041,48.891],[38.005,48.899],[38.037,48.925],[38.006,48.947],[38.029,48.973],[38.098,48.999],[38.062,49.063],[38.082,49.148],[38.044,49.15],[38.04,49.127],[37.981,49.131],[37.893,49.161],[37.935,49.192],[37.933,49.221],[37.89,49.212],[37.875,49.234],[37.844,49.201],[37.798,49.202],[37.614,49.233],[37.568,49.231],[37.513,49.199],[37.553,49.167],[37.541,49.146],[37.585,49.126],[37.486,49.1],[37.506,49.07],[37.385,49.048],[37.373,48.996],[37.344,49.003],[37.295,48.97],[37.328,48.922],[37.224,48.909],[37.19,48.869],[37.192,48.815],[37.099,48.851],[37.078,48.818],[37.024,48.818],[36.995,48.787],[37.043,48.766],[37.036,48.746],[36.975,48.79],[36.854,48.8],[36.839,48.773],[36.789,48.781],[36.791,48.802],[36.721,48.806],[36.709,48.767],[36.736,48.704],[36.712,48.693],[36.739,48.626],[36.745,48.596],[36.779,48.6],[36.788,48.567],[36.859,48.569],[36.904,48.531]]]},"properties":{"key":"UA14120000000070232","name":"Краматорський район","oblast":"Донецька область"}},{"type":"Feature","geometry":{"type":"Polygon","coordinates":[[[37.877,47.107],[37.816,47.106],[37.786,47.141],[37.881,47.157],[37.883,47.21],[37.84,47.214],[37.863,47.271],[37.795,47.281],[37.837,47.313],[37.841,47.359],[37.699,47.371],[37.7,47.333],[37.637,47.338],[37.59,47.37],[37.407,47.356],[37.409,47.4],[37.357,47.416],[37.335,47.397],[37.245,47.468],[37.195,47.373],[37.162,47.341],[37.146,47.381],[37.107,47.376],[37.122,47.34],[37.036,47.3],[37.026,47.315],[36.926,47.319],[36.963,47.202],[36.855,47.199],[36.891,47.171],[36.924,47.17],[37.002,47.127],[37.009,47.085],[36.985,47.08],[37.125,47.039],[37.089,47.007],[37.141,46.982],[37.092,46.968],[37.021,46.928],[37.062,46.884],[37.159,46.913],[37.235,46.951],[37.281,46.938],[37.34,46.893],[37.527,47.074],[37.589,47.076],[37.627,47.093],[37.684,47.081],[37.798,47.085],[37.877,47.107]]]},"properties":{"key":"UA14140000000070889","name":"Маріупольський район","oblast":"Донецька область"}},{"type":"Feature","geometry":{"type":"Polygon","coordinates":[[[37.547,47.867],[37.527,47.938],[37.562,47.978],[37.541,48.051],[37.615,48.056],[37.626,48.003],[37.681,48.005],[37.657,48.034],[37.702,48.059],[37.693,48.103],[37.808,48.121],[37.777,48.151],[37.828,48.182],[37.838,48.142],[37.899,48.146],[37.953,48.198],[37.936,48.23],[37.894,48.231],[37.927,48.254],[37.886,48.308],[37.939,48.324],[37.905,48.352],[37.823,48.368],[37.818,48.368],[37.796,48.377],[37.795,48.376],[37.792,48.374],[37.736,48.353],[37.75,48.323],[37.71,48.309],[37.721,48.263],[37.6,48.279],[37.608,48.307],[37.54,48.34],[37.494,48.318],[37.453,48.347],[37.433,48.475],[37.363,48.482],[37.397,48.536],[37.294,48.602],[37.301,48.572],[37.259,48.568],[37.252,48.601],[37.163,48.609],[37.165,48.591],[37.063,48.606],[37.053,48.559],[36.904,48.531],[36.85,48.518],[36.83,48.485],[36.85,48.416],[36.825,48.415],[36.812,48.368],[36.817,48.313],[36.912,48.309],[36.937,48.194],[36.873,48.184],[36.896,48.078],[36.882,48.063],[37.113,48.09],[37.153,48.1],[37.177,48.005],[37.154,47.959],[37.076,47.978],[37.07,47.934],[37.149,47.929],[37.147,47.91],[37.215,47.873],[37.257,47.867],[37.248,47.839],[37.292,47.802],[37.296,47.832],[37.428,47.8],[37.51,47.813],[37.547,47.867]],[[37.859,48.335],[37.811,48.32],[37.837,48.347],[37.859,48.335]]]},"properties":{"key":"UA14160000000061982","name":"Покровський район","oblast":"Донецька область"}},{"type":"Feature","geometry":{"type":"Polygon","coordinates":[[[29.505,49.649],[29.491,49.706],[29.445,49.713],[29.462,49.762],[29.439,49.806],[29.385,49.824],[29.365,49.858],[29.249,49.862],[29.223,49.968],[29.279,49.964],[29.269,50.012],[29.301,50.024],[29.277,50.05],[29.271,50.099],[29.222,50.11],[29.199,50.148],[29.163,50.143],[29.164,50.09],[29.123,50.064],[29.059,50.064],[29.015,50.08],[28.957,50.05],[28.924,50.055],[28.942,50.153],[28.78,50.07],[28.77,50.038],[28.715,50.061],[28.596,50.036],[28.52,50.051],[28.465,50.049],[28.384,49.985],[28.376,49.932],[28.343,49.905],[28.275,49.924],[28.218,49.888],[28.183,49.886],[28.132,49.857],[28.087,49.85],[28.068,49.903],[27.965,49.92],[27.882,49.839],[27.884,49.786],[27.919,49.767],[27.98,49.78],[28.098,49.772],[28.155,49.786],[28.297,49.801],[28.379,49.78],[28.422,49.825],[28.482,49.807],[28.529,49.82],[28.57,49.774],[28.602,49.81],[28.636,49.817],[28.734,49.798],[28.751,49.844],[28.844,49.86],[28.857,49.889],[28.899,49.882],[28.954,49.84],[28.97,49.804],[28.942,49.784],[29.005,49.727],[28.947,49.674],[29.01,49.633],[28.985,49.603],[29.027,49.59],[29.213,49.588],[29.242,49.603],[29.276,49.59],[29.276,49.627],[29.38,49.62],[29.41,49.659],[29.505,49.649]]]},"properties":{"key":"UA18020000000072859","name":"Бердичівський район","oblast":"Житомирська область"}},{"type":"Feature","geometry":{"type":"Polygon","coordinates":[[[29.58,50.74],[29.558,50.694],[29.488,50.717],[29.469,50.743],[29.372,50.691],[29.306,50.68],[29.281,50.657],[29.206,50.66],[29.157,50.684],[29.146,50.669],[29.067,50.655],[29.018,50.706],[28.935,50.709],[28.911,50.726],[28.856,50.71],[28.853,50.672],[28.737,50.679],[28.739,50.655],[28.687,50.682],[28.737,50.72],[28.684,50.716],[28.681,50.757],[28.616,50.735],[28.544,50.741],[28.496,50.769],[28.484,50.744],[28.337,50.759],[28.291,50.753],[28.262,50.721],[28.244,50.706],[28.282,50.68],[28.24,50.633],[28.083,50.584],[28.043,50.594],[28.055,50.563],[27.996,50.52],[27.947,50.509],[27.94,50.426],[27.962,50.394],[28.038,50.386],[28.034,50.358],[28.067,50.341],[28.016,50.321],[27.983,50.33],[27.972,50.283],[27.906,50.29],[27.862,50.241],[27.802,50.248],[27.778,50.226],[27.666,50.232],[27.657,50.193],[27.678,50.161],[27.631,50.146],[27.615,50.086],[27.668,50.078],[27.68,50.034],[27.641,50.036],[27.612,50.006],[27.546,50.012],[27.576,49.948],[27.549,49.908],[27.625,49.892],[27.622,49.84],[27.668,49.808],[27.727,49.8],[27.704,49.769],[27.752,49.756],[27.78,49.729],[27.818,49.734],[27.845,49.753],[27.919,49.767],[27.884,49.786],[27.882,49.839],[27.965,49.92],[28.068,49.903],[28.087,49.85],[28.132,49.857],[28.183,49.886],[28.218,49.888],[28.275,49.924],[28.343,49.905],[28.376,49.932],[28.384,49.985],[28.465,50.049],[28.52,50.051],[28.596,50.036],[28.715,50.061],[28.77,50.038],[28.78,50.07],[28.942,50.153],[28.924,50.055],[28.957,50.05],[29.015,50.08],[29.059,50.064],[29.123,50.064],[29.164,50.09],[29.163,50.143],[29.199,50.148],[29.222,50.11],[29.271,50.099],[29.277,50.05],[29.301,50.024],[29.269,50.012],[29.279,49.964],[29.223,49.968],[29.249,49.862],[29.365,49.858],[29.385,49.824],[29.439,49.806],[29.48,49.803],[29.509,49.835],[29.621,49.852],[29.65,49.878],[29.643,49.898],[29.735,49.944],[29.672,50.032],[29.697,50.069],[29.647,50.107],[29.691,50.155],[29.643,50.18],[29.7,50.233],[29.666,50.265],[29.692,50.315],[29.612,50.341],[29.642,50.358],[29.589,50.375],[29.56,50.423],[29.48,50.413],[29.498,50.451],[29.447,50.453],[29.511,50.471],[29.503,50.502],[29.46,50.517],[29.458,50.539],[29.502,50.547],[29.498,50.59],[29.445,50.621],[29.523,50.662],[29.598,50.729],[29.58,50.74]]]},"properties":{"key":"UA18040000000058965","name":"Житомирський район","oblast":"Житомирська область"}},{"type":"Feature","geometry":{"type":"Polygon","coordinates":[[[27.334,51.083],[27.359,51.059],[27.432,51.068],[27.424,51.02],[27.372,51.003],[27.444,51.005],[27.47,51.051],[27.549,51.078],[27.625,51.077],[27.667,51.038],[27.661,51.013],[27.75,50.996],[27.774,51.012],[27.753,51.048],[27.801,51.054],[27.929,51.049],[27.993,51.06],[28.07,51.027],[28.123,51.026],[28.106,50.987],[28.167,50.936],[28.113,50.864],[28.131,50.858],[28.166,50.784],[28.242,50.752],[28.262,50.721],[28.291,50.753],[28.337,50.759],[28.484,50.744],[28.496,50.769],[28.544,50.741],[28.616,50.735],[28.681,50.757],[28.684,50.716],[28.737,50.72],[28.687,50.682],[28.739,50.655],[28.737,50.679],[28.853,50.672],[28.856,50.71],[28.911,50.726],[28.935,50.709],[29.018,50.706],[29.067,50.655],[29.146,50.669],[29.157,50.684],[29.206,50.66],[29.281,50.657],[29.306,50.68],[29.372,50.691],[29.469,50.743],[29.488,50.717],[29.558,50.694],[29.58,50.74],[29.57,50.772],[29.504,50.765],[29.519,50.789],[29.488,50.812],[29.547,50.814],[29.497,50.837],[29.521,50.869],[29.467,50.925],[29.411,50.949],[29.414,50.984],[29.465,50.993],[29.474,51.03],[29.512,51.061],[29.427,51.124],[29.349,51.16],[29.316,51.131],[29.268,51.265],[29.335,51.27],[29.368,51.289],[29.347,51.324],[29.396,51.328],[29.393,51.379],[29.359,51.385],[29.326,51.378],[29.309,51.454],[29.275,51.459],[29.251,51.496],[29.252,51.567],[29.214,51.567],[29.167,51.653],[29.094,51.643],[29.03,51.59],[28.983,51.573],[28.97,51.592],[28.913,51.59],[28.807,51.548],[28.762,51.487],[28.781,51.456],[28.753,51.415],[28.737,51.466],[28.684,51.444],[28.651,51.523],[28.648,51.573],[28.554,51.572],[28.467,51.593],[28.359,51.539],[28.343,51.577],[28.281,51.624],[28.253,51.627],[28.259,51.681],[28.171,51.645],[28.118,51.584],[28.049,51.567],[27.946,51.558],[27.975,51.594],[27.92,51.578],[27.922,51.606],[27.866,51.629],[27.829,51.612],[27.85,51.546],[27.807,51.533],[27.742,51.477],[27.669,51.518],[27.624,51.483],[27.579,51.479],[27.583,51.43],[27.614,51.403],[27.549,51.422],[27.504,51.452],[27.495,51.375],[27.526,51.366],[27.49,51.315],[27.441,51.311],[27.469,51.248],[27.458,51.224],[27.401,51.201],[27.398,51.17],[27.364,51.143],[27.367,51.098],[27.334,51.083]]]},"properties":{"key":"UA18060000000021754","name":"Коростенський район","oblast":"Житомирська область"}},{"type":"Feature","geometry":{"type":"Polygon","coordinates":[[[28.262,50.721],[28.242,50.752],[28.166,50.784],[28.131,50.858],[28.113,50.864],[28.167,50.936],[28.106,50.987],[28.123,51.026],[28.07,51.027],[27.993,51.06],[27.929,51.049],[27.801,51.054],[27.753,51.048],[27.774,51.012],[27.75,50.996],[27.661,51.013],[27.667,51.038],[27.625,51.077],[27.549,51.078],[27.47,51.051],[27.444,51.005],[27.372,51.003],[27.424,51.02],[27.432,51.068],[27.359,51.059],[27.334,51.083],[27.326,51.042],[27.22,51.03],[27.203,50.991],[27.238,50.935],[27.225,50.911],[27.257,50.896],[27.232,50.839],[27.242,50.771],[27.27,50.763],[27.272,50.712],[27.245,50.673],[27.204,50.666],[27.189,50.621],[27.225,50.605],[27.23,50.567],[27.196,50.562],[27.207,50.532],[27.301,50.493],[27.248,50.393],[27.321,50.368],[27.316,50.332],[27.364,50.332],[27.417,50.307],[27.395,50.288],[27.481,50.257],[27.527,50.225],[27.597,50.259],[27.593,50.216],[27.621,50.17],[27.657,50.193],[27.666,50.232],[27.778,50.226],[27.802,50.248],[27.862,50.241],[27.906,50.29],[27.972,50.283],[27.983,50.33],[28.016,50.321],[28.067,50.341],[28.034,50.358],[28.038,50.386],[27.962,50.394],[27.94,50.426],[27.947,50.509],[27.996,50.52],[28.055,50.563],[28.043,50.594],[28.083,50.584],[28.24,50.633],[28.282,50.68],[28.244,50.706],[28.262,50.721]]]},"properties":{"key":"UA18080000000016657","name":"Звягельський район","oblast":"Житомирська область"}},{"type":"Feature","geometry":{"type":"Polygon","coordinates":[[[23.268,48.1],[23.259,48.154],[23.156,48.193],[23.1,48.242],[23.063,48.222],[23.052,48.26],[23.019,48.271],[22.946,48.25],[22.983,48.287],[23.033,48.279],[22.993,48.333],[22.946,48.351],[22.895,48.328],[22.898,48.281],[22.856,48.305],[22.878,48.326],[22.865,48.355],[22.792,48.291],[22.707,48.293],[22.57,48.338],[22.579,48.319],[22.522,48.298],[22.502,48.308],[22.543,48.349],[22.492,48.386],[22.449,48.376],[22.394,48.392],[22.318,48.355],[22.313,48.325],[22.339,48.279],[22.385,48.234],[22.401,48.249],[22.49,48.253],[22.531,48.209],[22.571,48.196],[22.598,48.145],[22.59,48.107],[22.676,48.092],[22.737,48.119],[22.815,48.118],[22.881,48.036],[22.836,47.99],[22.891,47.958],[22.944,47.97],[22.927,48.019],[23.024,47.992],[23.091,48.006],[23.124,48.082],[23.175,48.12],[23.19,48.098],[23.268,48.1]]]},"properties":{"key":"UA21020000000051405","name":"Берегівський район","oblast":"Закарпатська область"}},{"type":"Feature","geometry":{"type":"Polygon","coordinates":[[[22.886,48.925],[22.834,48.88],[22.882,48.829],[22.895,48.759],[22.87,48.749],[22.849,48.682],[22.859,48.623],[22.815,48.613],[22.792,48.632],[22.727,48.632],[22.677,48.65],[22.628,48.577],[22.555,48.551],[22.578,48.5],[22.489,48.494],[22.436,48.477],[22.402,48.49],[22.362,48.475],[22.503,48.404],[22.492,48.386],[22.543,48.349],[22.502,48.308],[22.522,48.298],[22.579,48.319],[22.57,48.338],[22.707,48.293],[22.792,48.291],[22.865,48.355],[22.878,48.326],[22.856,48.305],[22.898,48.281],[22.895,48.328],[22.946,48.351],[22.911,48.407],[22.851,48.439],[22.919,48.428],[22.92,48.452],[22.989,48.497],[23.09,48.456],[23.144,48.451],[23.166,48.469],[23.153,48.54],[23.195,48.585],[23.19,48.634],[23.248,48.652],[23.293,48.693],[23.317,48.753],[23.202,48.76],[23.177,48.807],[23.135,48.844],[23.1,48.862],[23.021,48.848],[23,48.83],[22.971,48.874],[22.899,48.904],[22.886,48.925]]]},"properties":{"key":"UA21040000000077329","name":"Мукачівський район","oblast":"Закарпатська область"}},{"type":"Feature","geometry":{"type":"Polygon","coordinates":[[[23.95,47.963],[24.005,47.967],[24.099,47.935],[24.113,47.915],[24.197,47.916],[24.219,47.898],[24.345,47.914],[24.436,47.97],[24.512,47.953],[24.563,47.969],[24.574,48.014],[24.627,48.047],[24.596,48.091],[24.554,48.118],[24.5,48.16],[24.546,48.216],[24.485,48.243],[24.488,48.28],[24.351,48.359],[24.349,48.382],[24.304,48.397],[24.258,48.35],[24.178,48.367],[24.144,48.313],[24.148,48.275],[24.109,48.254],[24.079,48.273],[24.032,48.258],[24.023,48.207],[23.963,48.161],[23.919,48.108],[23.941,48.053],[23.892,48.045],[23.95,47.963]]]},"properties":{"key":"UA21060000000059475","name":"Рахівський район","oblast":"Закарпатська область"}},{"type":"Feature","geometry":{"type":"Polygon","coordinates":[[[23.529,48.02],[23.568,48.003],[23.637,48.003],[23.666,47.983],[23.751,47.998],[23.818,47.983],[23.844,47.943],[23.939,47.948],[23.95,47.963],[23.892,48.045],[23.941,48.053],[23.919,48.108],[23.963,48.161],[24.023,48.207],[24.032,48.258],[24.079,48.273],[24.109,48.254],[24.148,48.275],[24.144,48.313],[24.178,48.367],[24.141,48.409],[24.14,48.481],[24.118,48.495],[24.131,48.529],[24.124,48.534],[24.032,48.501],[23.994,48.502],[23.981,48.466],[23.926,48.465],[23.909,48.485],[23.929,48.552],[23.862,48.554],[23.855,48.516],[23.807,48.448],[23.819,48.432],[23.75,48.375],[23.703,48.372],[23.666,48.337],[23.684,48.317],[23.631,48.301],[23.575,48.223],[23.527,48.208],[23.51,48.176],[23.554,48.14],[23.53,48.118],[23.468,48.112],[23.439,48.07],[23.474,48.036],[23.529,48.02]]]},"properties":{"key":"UA21080000000048851","name":"Тячівський район","oblast":"Закарпатська область"}},{"type":"Feature","geometry":{"type":"Polygon","coordinates":[[[22.886,48.925],[22.873,48.957],[22.919,48.97],[22.898,49.005],[22.868,49.003],[22.765,49.054],[22.683,49.039],[22.584,49.097],[22.553,49.079],[22.545,49.007],[22.477,48.991],[22.425,48.929],[22.421,48.885],[22.395,48.877],[22.376,48.834],[22.387,48.799],[22.35,48.772],[22.36,48.742],[22.34,48.684],[22.303,48.676],[22.241,48.628],[22.19,48.61],[22.161,48.567],[22.138,48.433],[22.144,48.404],[22.215,48.424],[22.265,48.41],[22.24,48.387],[22.267,48.361],[22.318,48.355],[22.394,48.392],[22.449,48.376],[22.492,48.386],[22.503,48.404],[22.362,48.475],[22.402,48.49],[22.436,48.477],[22.489,48.494],[22.578,48.5],[22.555,48.551],[22.628,48.577],[22.677,48.65],[22.727,48.632],[22.792,48.632],[22.815,48.613],[22.859,48.623],[22.849,48.682],[22.87,48.749],[22.895,48.759],[22.882,48.829],[22.834,48.88],[22.886,48.925]]]},"properties":{"key":"UA21100000000055073","name":"Ужгородський район","oblast":"Закарпатська область"}},{"type":"Feature","geometry":{"type":"Polygon","coordinates":[[[22.946,48.351],[22.993,48.333],[23.033,48.279],[22.983,48.287],[22.946,48.25],[23.019,48.271],[23.052,48.26],[23.063,48.222],[23.1,48.242],[23.156,48.193],[23.259,48.154],[23.268,48.1],[23.288,48.047],[23.417,47.987],[23.494,47.968],[23.529,48.02],[23.474,48.036],[23.439,48.07],[23.468,48.112],[23.53,48.118],[23.554,48.14],[23.51,48.176],[23.527,48.208],[23.575,48.223],[23.631,48.301],[23.684,48.317],[23.666,48.337],[23.703,48.372],[23.75,48.375],[23.819,48.432],[23.807,48.448],[23.855,48.516],[23.862,48.554],[23.804,48.581],[23.788,48.641],[23.688,48.647],[23.626,48.707],[23.547,48.725],[23.435,48.726],[23.378,48.744],[23.361,48.771],[23.317,48.753],[23.293,48.693],[23.248,48.652],[23.19,48.634],[23.195,48.585],[23.153,48.54],[23.166,48.469],[23.144,48.451],[23.09,48.456],[22.989,48.497],[22.92,48.452],[22.919,48.428],[22.851,48.439],[22.911,48.407],[22.946,48.351]]]},"properties":{"key":"UA21120000000022889","name":"Хустський район","oblast":"Закарпатська область"}},{"type":"Feature","geometry":{"type":"Polygon","coordinates":[[[36.855,47.199],[36.678,47.198],[36.669,47.145],[36.49,47.116],[36.482,47.179],[36.402,47.175],[36.447,47.221],[36.43,47.265],[36.37,47.295],[36.346,47.263],[36.272,47.284],[36.189,47.282],[36.17,47.328],[36.105,47.341],[36,47.342],[35.973,47.284],[36.008,47.245],[35.998,47.197],[35.833,47.194],[35.866,47.143],[35.861,47.084],[35.917,47.088],[35.919,47.068],[35.982,47.062],[35.982,46.976],[36.068,46.985],[36.058,46.918],[35.988,46.905],[35.984,46.869],[36.059,46.887],[36.144,46.872],[36.084,46.85],[36.092,46.822],[36.026,46.809],[36.03,46.755],[35.962,46.746],[35.967,46.724],[35.901,46.721],[35.92,46.657],[36.052,46.667],[36.107,46.656],[36.152,46.669],[36.205,46.665],[36.248,46.637],[36.259,46.603],[36.186,46.53],[36.15,46.539],[36.117,46.486],[36.174,46.501],[36.214,46.533],[36.347,46.687],[36.401,46.719],[36.63,46.782],[36.705,46.782],[36.795,46.743],[36.828,46.708],[36.758,46.667],[36.754,46.627],[36.783,46.639],[36.834,46.692],[36.881,46.788],[36.92,46.825],[36.994,46.866],[37.062,46.884],[37.021,46.928],[37.092,46.968],[37.141,46.982],[37.089,47.007],[37.125,47.039],[36.985,47.08],[37.009,47.085],[37.002,47.127],[36.924,47.17],[36.891,47.171],[36.855,47.199]]]},"properties":{"key":"UA23020000000032289","name":"Бердянський район","oblast":"Запорізька область"}},{"type":"Feature","geometry":{"type":"Polygon","coordinates":[[[34.517,47.119],[34.55,47.121],[34.542,47.159],[34.595,47.163],[34.601,47.134],[34.812,47.16],[34.829,47.172],[34.874,47.133],[34.955,47.141],[34.963,47.078],[35.14,47.09],[35.174,47.119],[35.173,47.152],[35.222,47.134],[35.264,47.139],[35.283,47.176],[35.32,47.174],[35.322,47.203],[35.381,47.179],[35.392,47.202],[35.457,47.17],[35.491,47.161],[35.51,47.234],[35.606,47.312],[35.579,47.333],[35.682,47.433],[35.588,47.438],[35.555,47.58],[35.549,47.607],[35.458,47.606],[35.399,47.656],[35.347,47.659],[35.336,47.678],[35.279,47.644],[35.28,47.609],[35.19,47.615],[35.14,47.537],[35.067,47.509],[34.977,47.511],[34.944,47.53],[34.862,47.515],[34.796,47.537],[34.736,47.539],[34.67,47.556],[34.572,47.562],[34.469,47.532],[34.3,47.519],[34.234,47.494],[34.139,47.477],[34.213,47.455],[34.243,47.434],[34.261,47.36],[34.272,47.361],[34.293,47.274],[34.33,47.29],[34.401,47.287],[34.414,47.323],[34.512,47.335],[34.479,47.315],[34.488,47.28],[34.518,47.284],[34.53,47.251],[34.491,47.247],[34.517,47.119]]]},"properties":{"key":"UA23040000000067730","name":"Василівський район","oblast":"Запорізька область"}},{"type":"Feature","geometry":{"type":"Polygon","coordinates":[[[34.847,48.014],[34.87,47.982],[34.905,47.986],[34.919,47.933],[34.849,47.938],[34.802,47.916],[34.817,47.864],[34.864,47.879],[34.903,47.83],[34.879,47.818],[34.894,47.76],[34.957,47.77],[34.956,47.712],[34.93,47.712],[34.938,47.677],[34.906,47.674],[34.933,47.636],[34.936,47.582],[34.965,47.548],[34.944,47.53],[34.977,47.511],[35.067,47.509],[35.14,47.537],[35.19,47.615],[35.28,47.609],[35.279,47.644],[35.336,47.678],[35.347,47.659],[35.399,47.656],[35.458,47.606],[35.549,47.607],[35.555,47.58],[35.616,47.585],[35.715,47.622],[35.757,47.597],[35.798,47.672],[35.778,47.782],[35.787,47.829],[35.845,47.834],[35.842,47.769],[35.943,47.759],[35.974,47.721],[36.012,47.725],[36.007,47.766],[36.185,47.776],[36.198,47.833],[36.179,47.851],[36.074,47.849],[36.119,47.865],[36.13,47.89],[36.109,47.942],[36.085,47.93],[36.052,48.059],[35.975,48.043],[35.967,48.095],[35.817,48.066],[35.806,48.1],[35.743,48.096],[35.703,48.14],[35.524,48.075],[35.486,48.095],[35.338,48.124],[35.279,48.145],[35.195,48.14],[35.103,48.132],[35.036,48.098],[34.915,48.091],[34.916,48.131],[34.855,48.133],[34.876,48.054],[34.839,48.051],[34.847,48.014]]]},"properties":{"key":"UA23060000000070350","name":"Запорізький район","oblast":"Запорізька область"}},{"type":"Feature","geometry":{"type":"Polygon","coordinates":[[[34.52,47.105],[34.553,47.106],[34.567,47.024],[34.592,47.027],[34.624,46.973],[34.681,46.979],[34.685,46.956],[34.736,46.961],[34.753,46.88],[34.805,46.883],[34.817,46.828],[34.758,46.823],[34.768,46.781],[34.735,46.747],[34.659,46.74],[34.625,46.724],[34.632,46.688],[34.684,46.677],[34.746,46.683],[34.756,46.627],[34.713,46.62],[34.723,46.581],[34.748,46.584],[34.757,46.549],[34.891,46.563],[34.89,46.507],[34.948,46.503],[35.021,46.479],[35.055,46.482],[35.07,46.379],[35.057,46.375],[35.072,46.3],[35.102,46.302],[35.128,46.302],[35.275,46.265],[35.278,46.265],[35.284,46.263],[35.411,46.405],[35.45,46.439],[35.589,46.483],[35.652,46.521],[35.728,46.589],[35.92,46.657],[35.901,46.721],[35.967,46.724],[35.962,46.746],[36.03,46.755],[36.026,46.809],[36.092,46.822],[36.084,46.85],[36.144,46.872],[36.059,46.887],[35.984,46.869],[35.988,46.905],[36.058,46.918],[36.068,46.985],[35.982,46.976],[35.982,47.062],[35.919,47.068],[35.922,47.011],[35.722,46.996],[35.689,46.987],[35.68,47.045],[35.623,47.102],[35.506,47.101],[35.51,47.143],[35.457,47.17],[35.392,47.202],[35.381,47.179],[35.322,47.203],[35.32,47.174],[35.283,47.176],[35.264,47.139],[35.222,47.134],[35.173,47.152],[35.174,47.119],[35.14,47.09],[34.963,47.078],[34.955,47.141],[34.874,47.133],[34.829,47.172],[34.812,47.16],[34.601,47.134],[34.595,47.163],[34.542,47.159],[34.55,47.121],[34.517,47.119],[34.52,47.105]]]},"properties":{"key":"UA23080000000090746","name":"Мелітопольський район","oblast":"Запорізька область"}},{"type":"Feature","geometry":{"type":"Polygon","coordinates":[[[37.245,47.468],[37.158,47.455],[37.074,47.494],[37.021,47.553],[37.002,47.539],[36.944,47.576],[36.893,47.545],[36.83,47.624],[36.765,47.601],[36.725,47.631],[36.718,47.659],[36.775,47.665],[36.792,47.685],[36.713,47.679],[36.686,47.731],[36.671,47.794],[36.588,47.785],[36.605,47.851],[36.585,47.847],[36.523,47.829],[36.449,47.824],[36.324,47.839],[36.333,47.821],[36.275,47.815],[36.266,47.833],[36.198,47.833],[36.185,47.776],[36.007,47.766],[36.012,47.725],[35.974,47.721],[35.943,47.759],[35.842,47.769],[35.845,47.834],[35.787,47.829],[35.778,47.782],[35.798,47.672],[35.757,47.597],[35.715,47.622],[35.616,47.585],[35.555,47.58],[35.588,47.438],[35.682,47.433],[35.579,47.333],[35.606,47.312],[35.51,47.234],[35.491,47.161],[35.457,47.17],[35.51,47.143],[35.506,47.101],[35.623,47.102],[35.68,47.045],[35.689,46.987],[35.722,46.996],[35.922,47.011],[35.919,47.068],[35.917,47.088],[35.861,47.084],[35.866,47.143],[35.833,47.194],[35.998,47.197],[36.008,47.245],[35.973,47.284],[36,47.342],[36.105,47.341],[36.17,47.328],[36.189,47.282],[36.272,47.284],[36.346,47.263],[36.37,47.295],[36.43,47.265],[36.447,47.221],[36.402,47.175],[36.482,47.179],[36.49,47.116],[36.669,47.145],[36.678,47.198],[36.855,47.199],[36.963,47.202],[36.926,47.319],[37.026,47.315],[37.036,47.3],[37.122,47.34],[37.107,47.376],[37.146,47.381],[37.162,47.341],[37.195,47.373],[37.245,47.468]]]},"properties":{"key":"UA23100000000034132","name":"Пологівський район","oblast":"Запорізька область"}},{"type":"Feature","geometry":{"type":"Polygon","coordinates":[[[25.083,48.16],[25.038,48.173],[25.021,48.202],[24.989,48.196],[24.964,48.223],[24.902,48.193],[24.823,48.23],[24.789,48.22],[24.779,48.256],[24.707,48.273],[24.659,48.26],[24.684,48.235],[24.634,48.184],[24.643,48.159],[24.602,48.157],[24.554,48.118],[24.596,48.091],[24.627,48.047],[24.574,48.014],[24.563,47.969],[24.674,47.896],[24.673,47.864],[24.753,47.83],[24.828,47.821],[24.836,47.78],[24.878,47.753],[24.883,47.724],[24.923,47.727],[24.945,47.791],[24.996,47.858],[24.945,47.899],[24.926,47.938],[24.912,48.027],[24.995,48.088],[24.992,48.12],[25.04,48.114],[25.083,48.16]]]},"properties":{"key":"UA26020000000044654","name":"Верховинський район","oblast":"Івано-Франківська область"}},{"type":"Feature","geometry":{"type":"Polygon","coordinates":[[[24.447,49.231],[24.528,49.226],[24.56,49.181],[24.503,49.163],[24.546,49.144],[24.558,49.081],[24.534,49.051],[24.572,49.036],[24.393,48.862],[24.375,48.872],[24.287,48.755],[24.243,48.751],[24.259,48.729],[24.157,48.664],[24.138,48.637],[24.108,48.65],[24.096,48.608],[24.124,48.534],[24.131,48.529],[24.199,48.52],[24.275,48.594],[24.372,48.617],[24.372,48.633],[24.467,48.645],[24.48,48.682],[24.542,48.7],[24.581,48.686],[24.549,48.722],[24.594,48.711],[24.642,48.756],[24.711,48.737],[24.793,48.789],[24.852,48.768],[24.912,48.771],[24.979,48.728],[25.029,48.734],[25.057,48.699],[25.176,48.642],[25.223,48.651],[25.242,48.681],[25.21,48.711],[25.26,48.734],[25.224,48.782],[25.259,48.826],[25.325,48.838],[25.283,48.863],[25.236,48.865],[25.234,48.932],[25.171,48.898],[25.172,48.872],[25.136,48.872],[25.121,48.928],[25.145,48.94],[25.087,48.984],[25.017,49.011],[24.97,49.011],[24.905,49.05],[24.916,49.083],[24.991,49.071],[24.985,49.116],[24.9,49.129],[24.856,49.178],[24.887,49.198],[24.934,49.23],[24.843,49.263],[24.828,49.285],[24.836,49.341],[24.859,49.347],[24.829,49.385],[24.776,49.378],[24.771,49.431],[24.716,49.496],[24.647,49.497],[24.57,49.534],[24.505,49.513],[24.488,49.548],[24.434,49.536],[24.44,49.512],[24.401,49.495],[24.41,49.445],[24.384,49.442],[24.405,49.367],[24.381,49.308],[24.303,49.316],[24.305,49.278],[24.364,49.278],[24.347,49.243],[24.388,49.228],[24.447,49.231]]]},"properties":{"key":"UA26040000000044761","name":"Івано-Франківський район","oblast":"Івано-Франківська область"}},{"type":"Feature","geometry":{"type":"Polygon","coordinates":[[[24.447,49.231],[24.435,49.174],[24.384,49.189],[24.282,49.168],[24.235,49.145],[24.058,49.147],[24.014,49.118],[23.97,49.138],[23.904,49.098],[23.764,49.122],[23.718,49.093],[23.691,49.096],[23.678,49.043],[23.566,48.975],[23.586,48.956],[23.561,48.911],[23.582,48.872],[23.552,48.822],[23.579,48.785],[23.547,48.725],[23.626,48.707],[23.688,48.647],[23.788,48.641],[23.804,48.581],[23.862,48.554],[23.929,48.552],[23.909,48.485],[23.926,48.465],[23.981,48.466],[23.994,48.502],[24.032,48.501],[24.124,48.534],[24.096,48.608],[24.108,48.65],[24.138,48.637],[24.157,48.664],[24.259,48.729],[24.243,48.751],[24.287,48.755],[24.375,48.872],[24.393,48.862],[24.572,49.036],[24.534,49.051],[24.558,49.081],[24.546,49.144],[24.503,49.163],[24.56,49.181],[24.528,49.226],[24.447,49.231]]]},"properties":{"key":"UA26060000000042554","name":"Калуський район","oblast":"Івано-Франківська область"}},{"type":"Feature","geometry":{"type":"Polygon","coordinates":[[[24.711,48.737],[24.727,48.715],[24.816,48.681],[24.823,48.624],[24.784,48.624],[24.766,48.575],[24.779,48.528],[24.748,48.522],[24.786,48.458],[24.847,48.43],[24.962,48.441],[25.036,48.406],[25.073,48.418],[25.132,48.397],[25.171,48.415],[25.245,48.395],[25.262,48.367],[25.308,48.359],[25.379,48.391],[25.437,48.401],[25.519,48.398],[25.573,48.378],[25.622,48.379],[25.598,48.473],[25.609,48.527],[25.585,48.634],[25.639,48.67],[25.653,48.705],[25.61,48.725],[25.636,48.751],[25.561,48.796],[25.51,48.805],[25.45,48.838],[25.367,48.859],[25.325,48.838],[25.259,48.826],[25.224,48.782],[25.26,48.734],[25.21,48.711],[25.242,48.681],[25.223,48.651],[25.176,48.642],[25.057,48.699],[25.029,48.734],[24.979,48.728],[24.912,48.771],[24.852,48.768],[24.793,48.789],[24.711,48.737]]]},"properties":{"key":"UA26080000000050130","name":"Коломийський район","oblast":"Івано-Франківська область"}},{"type":"Feature","geometry":{"type":"Polygon","coordinates":[[[24.707,48.273],[24.779,48.256],[24.789,48.22],[24.823,48.23],[24.902,48.193],[24.964,48.223],[24.989,48.196],[25.021,48.202],[25.038,48.173],[25.083,48.16],[25.098,48.186],[25.14,48.195],[25.108,48.223],[25.181,48.247],[25.308,48.359],[25.262,48.367],[25.245,48.395],[25.171,48.415],[25.132,48.397],[25.073,48.418],[25.036,48.406],[24.962,48.441],[24.847,48.43],[24.786,48.458],[24.709,48.418],[24.721,48.378],[24.747,48.375],[24.74,48.288],[24.707,48.273]]]},"properties":{"key":"UA26100000000092255","name":"Косівський район","oblast":"Івано-Франківська область"}},{"type":"Feature","geometry":{"type":"Polygon","coordinates":[[[24.711,48.737],[24.642,48.756],[24.594,48.711],[24.549,48.722],[24.581,48.686],[24.542,48.7],[24.48,48.682],[24.467,48.645],[24.372,48.633],[24.372,48.617],[24.275,48.594],[24.199,48.52],[24.131,48.529],[24.118,48.495],[24.14,48.481],[24.141,48.409],[24.178,48.367],[24.258,48.35],[24.304,48.397],[24.349,48.382],[24.351,48.359],[24.488,48.28],[24.485,48.243],[24.546,48.216],[24.5,48.16],[24.554,48.118],[24.602,48.157],[24.643,48.159],[24.634,48.184],[24.684,48.235],[24.659,48.26],[24.707,48.273],[24.74,48.288],[24.747,48.375],[24.721,48.378],[24.709,48.418],[24.786,48.458],[24.748,48.522],[24.779,48.528],[24.766,48.575],[24.784,48.624],[24.823,48.624],[24.816,48.681],[24.727,48.715],[24.711,48.737]]]},"properties":{"key":"UA26120000000036058","name":"Надвірнянський район","oblast":"Івано-Франківська область"}},{"type":"Feature","geometry":{"type":"Polygon","coordinates":[[[30.421,49.302],[30.414,49.33],[30.473,49.365],[30.516,49.328],[30.547,49.327],[30.607,49.37],[30.729,49.332],[30.8,49.354],[30.909,49.359],[30.93,49.418],[30.901,49.445],[30.795,49.438],[30.746,49.469],[30.627,49.596],[30.698,49.596],[30.734,49.626],[30.698,49.639],[30.73,49.657],[30.716,49.739],[30.718,49.826],[30.659,49.837],[30.542,49.826],[30.541,49.86],[30.587,49.891],[30.493,49.936],[30.488,49.966],[30.441,49.992],[30.376,49.985],[30.3,50.013],[30.251,50.076],[30.197,50.117],[30.131,50.102],[30.097,50.077],[30.094,50.013],[29.972,50.041],[29.915,50.045],[29.963,49.958],[29.984,49.953],[29.851,49.871],[29.786,49.9],[29.731,49.882],[29.7,49.905],[29.65,49.878],[29.621,49.852],[29.509,49.835],[29.48,49.803],[29.439,49.806],[29.462,49.762],[29.445,49.713],[29.491,49.706],[29.505,49.649],[29.535,49.637],[29.496,49.6],[29.531,49.562],[29.539,49.521],[29.585,49.495],[29.543,49.485],[29.595,49.443],[29.563,49.414],[29.505,49.396],[29.535,49.324],[29.619,49.306],[29.613,49.266],[29.69,49.237],[29.701,49.261],[29.737,49.228],[29.728,49.208],[29.76,49.18],[29.883,49.186],[29.932,49.249],[29.954,49.25],[29.944,49.302],[30.007,49.315],[30.026,49.334],[30.078,49.322],[30.088,49.286],[30.149,49.327],[30.2,49.328],[30.19,49.275],[30.367,49.255],[30.376,49.237],[30.398,49.303],[30.421,49.302]]]},"properties":{"key":"UA32020000000057002","name":"Білоцерківський район","oblast":"Київська область"}},{"type":"Feature","geometry":{"type":"Polygon","coordinates":[[[32.075,50.375],[32.006,50.378],[32.036,50.345],[31.974,50.365],[31.894,50.368],[31.831,50.406],[31.746,50.408],[31.704,50.345],[31.669,50.321],[31.673,50.279],[31.604,50.257],[31.59,50.29],[31.547,50.309],[31.445,50.279],[31.415,50.253],[31.355,50.26],[31.416,50.19],[31.39,50.162],[31.346,50.175],[31.272,50.167],[31.272,50.189],[31.185,50.197],[31.211,50.249],[31.207,50.289],[31.157,50.298],[31.143,50.324],[31.173,50.361],[31.212,50.359],[31.225,50.422],[31.182,50.449],[31.136,50.448],[31.101,50.475],[30.998,50.466],[30.97,50.483],[30.868,50.438],[30.829,50.439],[30.826,50.404],[30.711,50.352],[30.671,50.37],[30.613,50.337],[30.668,50.274],[30.721,50.245],[30.772,50.158],[30.8,50.164],[30.894,50.132],[30.965,50.05],[31.063,49.985],[31.118,49.986],[31.187,49.967],[31.178,49.951],[31.256,49.936],[31.288,49.955],[31.289,49.977],[31.383,49.993],[31.445,49.976],[31.424,49.917],[31.445,49.877],[31.514,49.847],[31.581,49.907],[31.613,49.906],[31.615,49.857],[31.718,49.853],[31.813,49.966],[31.918,49.961],[31.9,50.019],[31.987,50.052],[31.908,50.061],[31.911,50.101],[31.975,50.125],[31.965,50.152],[32.017,50.206],[32.056,50.188],[32.118,50.228],[32.089,50.247],[32.084,50.283],[32.14,50.305],[32.143,50.348],[32.161,50.369],[32.075,50.375]]]},"properties":{"key":"UA32040000000054694","name":"Бориспільський район","oblast":"Київська область"}},{"type":"Feature","geometry":{"type":"Polygon","coordinates":[[[32.075,50.375],[32.097,50.416],[32.057,50.397],[32.021,50.459],[31.973,50.467],[32.064,50.512],[32.063,50.541],[31.952,50.544],[31.913,50.596],[31.859,50.632],[31.782,50.606],[31.782,50.559],[31.686,50.563],[31.647,50.553],[31.629,50.522],[31.57,50.528],[31.42,50.504],[31.358,50.529],[31.33,50.501],[31.32,50.527],[31.262,50.539],[31.246,50.567],[31.188,50.575],[31.166,50.607],[31.223,50.607],[31.202,50.655],[31.218,50.697],[31.167,50.732],[31.122,50.75],[31.127,50.774],[31.07,50.765],[30.751,50.774],[30.715,50.725],[30.671,50.712],[30.7,50.66],[30.662,50.645],[30.641,50.594],[30.574,50.582],[30.572,50.545],[30.532,50.54],[30.654,50.534],[30.723,50.591],[30.812,50.566],[30.823,50.537],[30.752,50.519],[30.743,50.458],[30.826,50.404],[30.829,50.439],[30.868,50.438],[30.97,50.483],[30.998,50.466],[31.101,50.475],[31.136,50.448],[31.182,50.449],[31.225,50.422],[31.212,50.359],[31.173,50.361],[31.143,50.324],[31.157,50.298],[31.207,50.289],[31.211,50.249],[31.185,50.197],[31.272,50.189],[31.272,50.167],[31.346,50.175],[31.39,50.162],[31.416,50.19],[31.355,50.26],[31.415,50.253],[31.445,50.279],[31.547,50.309],[31.59,50.29],[31.604,50.257],[31.673,50.279],[31.669,50.321],[31.704,50.345],[31.746,50.408],[31.831,50.406],[31.894,50.368],[31.974,50.365],[32.036,50.345],[32.006,50.378],[32.075,50.375]]]},"properties":{"key":"UA32060000000012455","name":"Броварський район","oblast":"Київська область"}},{"type":"Feature","geometry":{"type":"Polygon","coordinates":[[[30.43,50.372],[30.443,50.381],[30.371,50.42],[30.358,50.445],[30.281,50.447],[30.236,50.427],[30.26,50.51],[30.326,50.546],[30.307,50.57],[30.28,50.664],[30.308,50.686],[30.274,50.709],[30.212,50.718],[30.107,50.715],[30.113,50.69],[30.073,50.698],[30.042,50.73],[30.061,50.769],[29.972,50.776],[29.961,50.755],[29.898,50.747],[29.875,50.795],[29.823,50.777],[29.653,50.763],[29.57,50.772],[29.58,50.74],[29.598,50.729],[29.523,50.662],[29.445,50.621],[29.498,50.59],[29.502,50.547],[29.458,50.539],[29.46,50.517],[29.503,50.502],[29.511,50.471],[29.447,50.453],[29.498,50.451],[29.48,50.413],[29.56,50.423],[29.589,50.375],[29.642,50.358],[29.612,50.341],[29.692,50.315],[29.726,50.316],[29.77,50.347],[29.828,50.297],[29.91,50.299],[29.918,50.338],[29.984,50.352],[29.999,50.38],[29.964,50.406],[30.027,50.396],[30.09,50.335],[30.208,50.339],[30.235,50.321],[30.271,50.355],[30.304,50.348],[30.335,50.373],[30.361,50.358],[30.43,50.372]]]},"properties":{"key":"UA32080000000084076","name":"Бучанський район","oblast":"Київська область"}},{"type":"Feature","geometry":{"type":"MultiPolygon","coordinates":[[[[30.628,51.515],[30.652,51.524],[30.782,51.512],[30.785,51.539],[30.709,51.553],[30.71,51.531],[30.671,51.531],[30.628,51.515]]],[[[30.532,50.54],[30.572,50.545],[30.574,50.582],[30.641,50.594],[30.662,50.645],[30.7,50.66],[30.671,50.712],[30.715,50.725],[30.751,50.774],[30.745,50.819],[30.777,50.833],[30.772,50.874],[30.684,50.902],[30.645,50.964],[30.642,51.003],[30.601,51.027],[30.499,51.019],[30.517,51.111],[30.495,51.132],[30.498,51.175],[30.541,51.178],[30.506,51.225],[30.561,51.239],[30.539,51.263],[30.505,51.28],[30.454,51.273],[30.464,51.307],[30.424,51.306],[30.324,51.361],[30.358,51.379],[30.342,51.42],[30.298,51.457],[30.18,51.513],[30.164,51.489],[30.014,51.505],[29.966,51.471],[29.894,51.485],[29.881,51.446],[29.847,51.458],[29.797,51.442],[29.744,51.457],[29.74,51.531],[29.673,51.503],[29.634,51.506],[29.579,51.462],[29.542,51.483],[29.523,51.424],[29.496,51.397],[29.422,51.415],[29.359,51.385],[29.393,51.379],[29.396,51.328],[29.347,51.324],[29.368,51.289],[29.335,51.27],[29.268,51.265],[29.316,51.131],[29.349,51.16],[29.427,51.124],[29.512,51.061],[29.474,51.03],[29.465,50.993],[29.414,50.984],[29.411,50.949],[29.467,50.925],[29.521,50.869],[29.497,50.837],[29.547,50.814],[29.488,50.812],[29.519,50.789],[29.504,50.765],[29.57,50.772],[29.653,50.763],[29.823,50.777],[29.875,50.795],[29.898,50.747],[29.961,50.755],[29.972,50.776],[30.061,50.769],[30.042,50.73],[30.073,50.698],[30.113,50.69],[30.107,50.715],[30.212,50.718],[30.274,50.709],[30.308,50.686],[30.28,50.664],[30.307,50.57],[30.371,50.586],[30.463,50.584],[30.532,50.54]]]]},"properties":{"key":"UA32100000000065867","name":"Вишгородський район","oblast":"Київська область"}},{"type":"Feature","geometry":{"type":"Polygon","coordinates":[[[30.197,50.117],[30.251,50.076],[30.3,50.013],[30.376,49.985],[30.441,49.992],[30.488,49.966],[30.493,49.936],[30.587,49.891],[30.541,49.86],[30.542,49.826],[30.659,49.837],[30.718,49.826],[30.716,49.739],[30.73,49.657],[30.698,49.639],[30.734,49.626],[30.698,49.596],[30.627,49.596],[30.746,49.469],[30.795,49.438],[30.901,49.445],[30.93,49.418],[30.994,49.422],[31.029,49.472],[31.063,49.482],[31.095,49.498],[31.097,49.543],[31.154,49.555],[31.129,49.584],[31.155,49.629],[31.202,49.675],[31.222,49.733],[31.217,49.777],[31.19,49.79],[31.221,49.832],[31.208,49.852],[31.261,49.858],[31.31,49.892],[31.38,49.907],[31.312,49.964],[31.288,49.955],[31.256,49.936],[31.178,49.951],[31.187,49.967],[31.118,49.986],[31.063,49.985],[30.965,50.05],[30.894,50.132],[30.8,50.164],[30.772,50.158],[30.721,50.245],[30.668,50.274],[30.61,50.281],[30.644,50.226],[30.593,50.213],[30.534,50.317],[30.475,50.34],[30.403,50.318],[30.383,50.291],[30.389,50.23],[30.421,50.212],[30.382,50.166],[30.346,50.178],[30.327,50.217],[30.293,50.188],[30.228,50.212],[30.209,50.174],[30.241,50.145],[30.197,50.117]]]},"properties":{"key":"UA32120000000081110","name":"Обухівський район","oblast":"Київська область"}},{"type":"Feature","geometry":{"type":"Polygon","coordinates":[[[30.197,50.117],[30.241,50.145],[30.209,50.174],[30.228,50.212],[30.293,50.188],[30.327,50.217],[30.346,50.178],[30.382,50.166],[30.421,50.212],[30.389,50.23],[30.383,50.291],[30.403,50.318],[30.475,50.34],[30.43,50.372],[30.361,50.358],[30.335,50.373],[30.304,50.348],[30.271,50.355],[30.235,50.321],[30.208,50.339],[30.09,50.335],[30.027,50.396],[29.964,50.406],[29.999,50.38],[29.984,50.352],[29.918,50.338],[29.91,50.299],[29.828,50.297],[29.77,50.347],[29.726,50.316],[29.692,50.315],[29.666,50.265],[29.7,50.233],[29.643,50.18],[29.691,50.155],[29.647,50.107],[29.697,50.069],[29.672,50.032],[29.735,49.944],[29.643,49.898],[29.65,49.878],[29.7,49.905],[29.731,49.882],[29.786,49.9],[29.851,49.871],[29.984,49.953],[29.963,49.958],[29.915,50.045],[29.972,50.041],[30.094,50.013],[30.097,50.077],[30.131,50.102],[30.197,50.117]]]},"properties":{"key":"UA32140000000020217","name":"Фастівський район","oblast":"Київська область"}},{"type":"Feature","geometry":{"type":"Polygon","coordinates":[[[30.308,48.142],[30.363,48.174],[30.471,48.163],[30.527,48.18],[30.556,48.156],[30.617,48.156],[30.647,48.185],[30.717,48.196],[30.819,48.188],[30.855,48.161],[30.93,48.166],[30.932,48.184],[30.989,48.184],[30.981,48.222],[31.053,48.232],[31.091,48.224],[31.091,48.267],[31.132,48.284],[31.125,48.302],[31.021,48.294],[31.02,48.349],[30.999,48.38],[30.934,48.396],[30.851,48.376],[30.825,48.413],[30.842,48.438],[30.808,48.453],[30.882,48.494],[30.883,48.522],[30.932,48.522],[30.922,48.553],[30.984,48.554],[30.983,48.603],[31.1,48.612],[31.107,48.592],[31.2,48.601],[31.146,48.673],[31.233,48.714],[31.267,48.696],[31.264,48.749],[31.253,48.764],[31.175,48.762],[31.118,48.729],[31.02,48.762],[30.902,48.762],[30.896,48.745],[30.753,48.77],[30.637,48.752],[30.609,48.719],[30.576,48.721],[30.611,48.698],[30.599,48.663],[30.552,48.654],[30.529,48.628],[30.571,48.606],[30.567,48.567],[30.474,48.567],[30.453,48.583],[30.403,48.574],[30.386,48.527],[30.255,48.505],[30.22,48.48],[30.163,48.504],[30.121,48.454],[30.05,48.483],[29.968,48.472],[29.957,48.451],[29.886,48.427],[29.786,48.369],[29.799,48.329],[29.749,48.289],[29.772,48.272],[29.781,48.209],[29.84,48.213],[29.891,48.186],[29.93,48.233],[29.99,48.23],[30.053,48.15],[30.107,48.14],[30.189,48.155],[30.241,48.141],[30.308,48.142]]]},"properties":{"key":"UA35020000000074289","name":"Голованівський район","oblast":"Кіровоградська область"}},{"type":"Feature","geometry":{"type":"Polygon","coordinates":[[[33.214,48.161],[33.146,48.152],[33.156,48.184],[33.137,48.278],[33.106,48.323],[33.053,48.318],[33.042,48.371],[33.071,48.371],[33.091,48.464],[33.051,48.462],[33.046,48.508],[33.017,48.482],[32.912,48.474],[32.918,48.464],[32.844,48.432],[32.786,48.453],[32.776,48.544],[32.759,48.544],[32.777,48.606],[32.857,48.616],[32.797,48.625],[32.755,48.66],[32.764,48.687],[32.808,48.689],[32.784,48.801],[32.886,48.815],[32.871,48.884],[32.83,48.898],[32.778,48.891],[32.733,48.965],[32.67,48.981],[32.676,48.96],[32.522,48.939],[32.498,49.012],[32.476,49.006],[32.443,49.053],[32.417,49.028],[32.374,49.036],[32.349,49.079],[32.26,49.078],[32.238,49.062],[32.218,48.987],[32.135,48.966],[32.146,48.912],[32.087,48.905],[32.027,48.931],[31.912,48.887],[31.93,48.842],[31.9,48.814],[32.016,48.799],[32.055,48.725],[32.074,48.713],[31.979,48.688],[31.943,48.695],[31.97,48.589],[31.916,48.58],[31.943,48.54],[31.872,48.529],[31.886,48.439],[31.919,48.441],[31.926,48.368],[31.944,48.336],[31.933,48.279],[31.912,48.274],[31.957,48.191],[31.952,48.163],[32.011,48.134],[31.915,48.138],[31.886,48.112],[31.822,48.115],[31.767,48.102],[31.783,48.042],[31.729,48.036],[31.752,47.947],[31.844,47.964],[31.855,47.916],[31.877,47.919],[31.89,47.866],[31.857,47.865],[31.868,47.822],[31.827,47.817],[31.838,47.783],[31.963,47.799],[31.96,47.81],[32.055,47.817],[32.117,47.756],[32.208,47.757],[32.232,47.76],[32.237,47.815],[32.304,47.824],[32.363,47.789],[32.428,47.79],[32.658,47.82],[32.664,47.871],[32.686,47.873],[32.652,47.921],[32.743,47.932],[32.697,47.947],[32.689,47.983],[32.796,47.994],[32.811,47.979],[32.894,47.986],[32.872,48.024],[32.989,48.048],[33.004,47.989],[33.037,48.034],[33.109,48.042],[33.106,48.065],[33.154,48.084],[33.225,48.092],[33.182,48.118],[33.232,48.127],[33.214,48.161]]]},"properties":{"key":"UA35040000000034705","name":"Кропивницький район","oblast":"Кіровоградська область"}},{"type":"Feature","geometry":{"type":"Polygon","coordinates":[[[31.264,48.749],[31.267,48.696],[31.233,48.714],[31.146,48.673],[31.2,48.601],[31.107,48.592],[31.1,48.612],[30.983,48.603],[30.984,48.554],[30.922,48.553],[30.932,48.522],[30.883,48.522],[30.882,48.494],[30.808,48.453],[30.842,48.438],[30.825,48.413],[30.851,48.376],[30.934,48.396],[30.999,48.38],[31.02,48.349],[31.021,48.294],[31.125,48.302],[31.132,48.284],[31.091,48.267],[31.091,48.224],[31.138,48.229],[31.221,48.171],[31.236,48.117],[31.325,48.138],[31.33,48.114],[31.389,48.129],[31.404,48.109],[31.487,48.13],[31.499,48.087],[31.47,48.063],[31.551,48.07],[31.541,48.108],[31.584,48.106],[31.582,48.129],[31.634,48.135],[31.679,48.12],[31.695,48.093],[31.767,48.102],[31.822,48.115],[31.886,48.112],[31.915,48.138],[32.011,48.134],[31.952,48.163],[31.957,48.191],[31.912,48.274],[31.933,48.279],[31.944,48.336],[31.926,48.368],[31.919,48.441],[31.886,48.439],[31.872,48.529],[31.943,48.54],[31.916,48.58],[31.97,48.589],[31.943,48.695],[31.979,48.688],[32.074,48.713],[32.055,48.725],[32.016,48.799],[31.9,48.814],[31.93,48.842],[31.912,48.887],[31.918,48.906],[31.805,48.95],[31.77,48.935],[31.698,48.931],[31.69,48.896],[31.62,48.906],[31.581,48.888],[31.559,48.829],[31.528,48.804],[31.468,48.789],[31.436,48.754],[31.385,48.728],[31.32,48.73],[31.31,48.759],[31.264,48.749]]]},"properties":{"key":"UA35060000000086172","name":"Новоукраїнський район","oblast":"Кіровоградська область"}},{"type":"Feature","geometry":{"type":"Polygon","coordinates":[[[32.733,48.965],[32.778,48.891],[32.83,48.898],[32.871,48.884],[32.886,48.815],[32.784,48.801],[32.808,48.689],[32.764,48.687],[32.755,48.66],[32.797,48.625],[32.857,48.616],[32.777,48.606],[32.759,48.544],[32.776,48.544],[32.786,48.453],[32.844,48.432],[32.918,48.464],[32.912,48.474],[33.017,48.482],[33.046,48.508],[33.051,48.462],[33.091,48.464],[33.071,48.371],[33.042,48.371],[33.053,48.318],[33.106,48.323],[33.137,48.278],[33.156,48.184],[33.146,48.152],[33.214,48.161],[33.272,48.154],[33.277,48.103],[33.316,48.118],[33.292,48.15],[33.432,48.171],[33.43,48.189],[33.496,48.202],[33.485,48.214],[33.546,48.236],[33.51,48.292],[33.518,48.329],[33.473,48.33],[33.468,48.388],[33.489,48.44],[33.469,48.534],[33.509,48.568],[33.585,48.576],[33.623,48.567],[33.609,48.599],[33.661,48.586],[33.764,48.626],[33.757,48.657],[33.802,48.663],[33.805,48.688],[33.75,48.682],[33.682,48.723],[33.619,48.728],[33.593,48.748],[33.583,48.797],[33.659,48.793],[33.673,48.814],[33.72,48.81],[33.725,48.789],[33.811,48.803],[33.851,48.771],[33.861,48.835],[33.894,48.902],[33.819,48.937],[33.718,48.94],[33.665,48.978],[33.636,48.973],[33.589,48.917],[33.537,48.931],[33.474,48.916],[33.476,48.952],[33.407,48.96],[33.401,48.928],[33.325,48.961],[33.298,49.004],[33.328,49.025],[33.287,49.084],[33.304,49.118],[33.248,49.146],[33.245,49.079],[33.2,49.074],[33.155,49.101],[33.156,49.133],[33.102,49.185],[33.035,49.185],[32.984,49.21],[32.983,49.24],[32.936,49.23],[32.859,49.245],[32.758,49.169],[32.782,49.141],[32.89,49.127],[32.896,49.095],[32.829,49.075],[32.838,49.016],[32.874,48.992],[32.733,48.965]]]},"properties":{"key":"UA35080000000062763","name":"Олександрійський район","oblast":"Кіровоградська область"}},{"type":"Feature","geometry":{"type":"Polygon","coordinates":[[[38.433,48.448],[38.437,48.396],[38.469,48.379],[38.47,48.349],[38.433,48.339],[38.427,48.278],[38.567,48.27],[38.588,48.238],[38.709,48.279],[38.811,48.298],[38.812,48.354],[38.892,48.393],[38.928,48.397],[38.956,48.415],[38.958,48.463],[39.014,48.481],[39.095,48.473],[39.065,48.514],[39.13,48.558],[39.095,48.563],[39.116,48.59],[39.047,48.595],[39.073,48.651],[39.037,48.649],[38.979,48.745],[38.955,48.735],[38.901,48.751],[38.882,48.693],[38.843,48.671],[38.759,48.703],[38.685,48.717],[38.679,48.753],[38.627,48.771],[38.599,48.759],[38.516,48.785],[38.531,48.686],[38.478,48.671],[38.467,48.698],[38.396,48.66],[38.445,48.611],[38.4,48.599],[38.404,48.563],[38.444,48.57],[38.481,48.528],[38.433,48.448]]]},"properties":{"key":"UA44020000000082097","name":"Алчевський район","oblast":"Луганська область"}},{"type":"Feature","geometry":{"type":"MultiPolygon","coordinates":[[[[39.388,48.026],[39.416,48.064],[39.387,48.058],[39.388,48.026]]],[[[39.389,48.183],[39.368,48.137],[39.415,48.133],[39.425,48.069],[39.472,48.047],[39.393,48.013],[39.393,47.972],[39.497,47.899],[39.426,47.887],[39.442,47.855],[39.478,47.86],[39.52,47.825],[39.566,47.836],[39.738,47.828],[39.763,47.871],[39.795,47.87],[39.794,47.919],[39.822,47.951],[39.816,48.001],[39.776,48.04],[39.883,48.041],[39.834,48.067],[39.869,48.08],[39.871,48.117],[39.937,48.181],[39.943,48.229],[40.01,48.225],[40.021,48.254],[39.99,48.317],[39.91,48.271],[39.887,48.309],[39.841,48.31],[39.841,48.329],[39.943,48.346],[39.943,48.383],[39.907,48.389],[39.898,48.448],[39.847,48.473],[39.867,48.509],[39.855,48.56],[39.825,48.586],[39.691,48.586],[39.612,48.574],[39.634,48.465],[39.601,48.453],[39.631,48.375],[39.695,48.384],[39.665,48.356],[39.705,48.305],[39.666,48.284],[39.651,48.252],[39.604,48.238],[39.579,48.196],[39.537,48.216],[39.428,48.208],[39.421,48.175],[39.389,48.183]]]]},"properties":{"key":"UA44040000000032820","name":"Довжанський район","oblast":"Луганська область"}},{"type":"Feature","geometry":{"type":"Polygon","coordinates":[[[39.073,48.651],[39.047,48.595],[39.116,48.59],[39.095,48.563],[39.13,48.558],[39.065,48.514],[39.095,48.473],[39.014,48.481],[38.958,48.463],[38.956,48.415],[38.928,48.397],[38.916,48.359],[38.978,48.379],[39.002,48.353],[39.041,48.353],[39.052,48.291],[39.149,48.291],[39.207,48.23],[39.263,48.211],[39.328,48.233],[39.376,48.233],[39.356,48.202],[39.389,48.183],[39.421,48.175],[39.428,48.208],[39.537,48.216],[39.579,48.196],[39.604,48.238],[39.651,48.252],[39.666,48.284],[39.705,48.305],[39.665,48.356],[39.695,48.384],[39.631,48.375],[39.601,48.453],[39.634,48.465],[39.612,48.574],[39.559,48.599],[39.532,48.585],[39.51,48.635],[39.468,48.628],[39.454,48.655],[39.356,48.699],[39.372,48.715],[39.311,48.775],[39.258,48.743],[39.25,48.715],[39.149,48.677],[39.138,48.66],[39.073,48.651]]]},"properties":{"key":"UA44060000000048093","name":"Луганський район","oblast":"Луганська область"}},{"type":"Feature","geometry":{"type":"Polygon","coordinates":[[[39.442,47.855],[39.426,47.887],[39.497,47.899],[39.393,47.972],[39.393,48.013],[39.472,48.047],[39.425,48.069],[39.415,48.133],[39.368,48.137],[39.389,48.183],[39.356,48.202],[39.376,48.233],[39.328,48.233],[39.263,48.211],[39.207,48.23],[39.149,48.291],[39.052,48.291],[39.041,48.353],[39.002,48.353],[38.978,48.379],[38.916,48.359],[38.928,48.397],[38.892,48.393],[38.812,48.354],[38.811,48.298],[38.709,48.279],[38.588,48.238],[38.613,48.204],[38.602,48.173],[38.669,48.165],[38.663,48.151],[38.82,48.116],[38.8,48.075],[38.829,48.058],[38.825,48.03],[38.861,48.015],[39.04,48.007],[39.039,47.956],[39.091,47.939],[39.065,47.896],[39.074,47.87],[39.083,47.852],[39.15,47.842],[39.237,47.854],[39.242,47.867],[39.388,47.871],[39.412,47.83],[39.442,47.855]],[[39.388,48.026],[39.387,48.058],[39.416,48.064],[39.388,48.026]]]},"properties":{"key":"UA44080000000045512","name":"Ровеньківський район","oblast":"Луганська область"}},{"type":"Feature","geometry":{"type":"Polygon","coordinates":[[[38.044,49.15],[38.054,49.178],[38.146,49.197],[38.187,49.183],[38.311,49.181],[38.396,49.19],[38.4,49.213],[38.356,49.207],[38.36,49.262],[38.4,49.269],[38.423,49.3],[38.477,49.283],[38.552,49.28],[38.585,49.342],[38.625,49.357],[38.62,49.389],[38.584,49.4],[38.637,49.435],[38.672,49.427],[38.678,49.371],[38.767,49.353],[38.821,49.373],[38.891,49.378],[38.895,49.414],[38.864,49.428],[38.902,49.471],[38.917,49.534],[38.896,49.585],[38.91,49.624],[38.942,49.621],[38.956,49.679],[38.891,49.726],[38.816,49.707],[38.777,49.713],[38.795,49.778],[38.889,49.819],[38.912,49.818],[38.901,49.869],[38.848,49.864],[38.745,49.897],[38.694,49.935],[38.686,49.962],[38.719,49.983],[38.679,50.006],[38.681,49.975],[38.647,49.956],[38.582,49.978],[38.528,49.959],[38.489,49.964],[38.469,49.995],[38.416,49.982],[38.35,50.007],[38.329,50.085],[38.277,50.074],[38.179,50.08],[38.189,50.024],[38.222,49.979],[38.127,49.922],[38.125,49.942],[38.056,49.923],[38.033,49.9],[38.093,49.846],[38.019,49.837],[38.01,49.813],[38.053,49.783],[37.951,49.731],[38.046,49.658],[37.996,49.648],[37.975,49.612],[37.944,49.611],[37.952,49.569],[37.901,49.574],[37.886,49.549],[37.927,49.548],[37.844,49.503],[37.844,49.445],[37.876,49.447],[37.896,49.403],[37.883,49.313],[37.949,49.304],[37.958,49.285],[37.899,49.27],[37.875,49.234],[37.89,49.212],[37.933,49.221],[37.935,49.192],[37.893,49.161],[37.981,49.131],[38.04,49.127],[38.044,49.15]]]},"properties":{"key":"UA44100000000052765","name":"Сватівський район","oblast":"Луганська область"}},{"type":"Feature","geometry":{"type":"Polygon","coordinates":[[[38.477,49.283],[38.423,49.3],[38.4,49.269],[38.36,49.262],[38.356,49.207],[38.4,49.213],[38.396,49.19],[38.311,49.181],[38.187,49.183],[38.146,49.197],[38.054,49.178],[38.044,49.15],[38.082,49.148],[38.062,49.063],[38.098,48.999],[38.029,48.973],[38.006,48.947],[38.037,48.925],[38.091,48.94],[38.196,48.928],[38.228,48.937],[38.222,48.839],[38.314,48.828],[38.278,48.801],[38.263,48.75],[38.317,48.735],[38.325,48.714],[38.287,48.665],[38.226,48.652],[38.263,48.637],[38.279,48.546],[38.321,48.508],[38.311,48.456],[38.393,48.432],[38.433,48.448],[38.481,48.528],[38.444,48.57],[38.404,48.563],[38.4,48.599],[38.445,48.611],[38.396,48.66],[38.467,48.698],[38.478,48.671],[38.531,48.686],[38.516,48.785],[38.599,48.759],[38.627,48.771],[38.679,48.753],[38.685,48.717],[38.759,48.703],[38.843,48.671],[38.882,48.693],[38.901,48.751],[38.799,48.752],[38.764,48.77],[38.7,48.759],[38.658,48.77],[38.695,48.799],[38.663,48.811],[38.695,48.836],[38.664,48.849],[38.721,48.873],[38.697,48.883],[38.823,48.974],[38.818,49.055],[38.747,49.057],[38.717,49.043],[38.692,49.066],[38.689,49.161],[38.614,49.176],[38.626,49.197],[38.504,49.203],[38.513,49.223],[38.475,49.247],[38.477,49.283]]]},"properties":{"key":"UA44120000000092852","name":"Сіверськодонецький район","oblast":"Луганська область"}},{"type":"Feature","geometry":{"type":"Polygon","coordinates":[[[38.818,49.055],[38.816,49.094],[38.879,49.122],[39.138,49.098],[39.143,49.128],[39.275,49.089],[39.306,49.1],[39.431,49.056],[39.463,49.105],[39.501,49.073],[39.536,48.992],[39.586,48.977],[39.626,49.004],[39.676,48.99],[39.693,49.051],[39.767,49.04],[39.805,49.06],[39.937,49.056],[39.939,49.083],[40.032,49.18],[40.077,49.187],[40.138,49.24],[40.208,49.242],[40.228,49.261],[40.186,49.281],[40.2,49.346],[40.114,49.386],[40.03,49.454],[40.039,49.521],[40.17,49.569],[40.135,49.617],[39.952,49.598],[39.891,49.559],[39.806,49.558],[39.75,49.597],[39.66,49.615],[39.591,49.719],[39.611,49.734],[39.443,49.76],[39.379,49.739],[39.286,49.755],[39.228,49.807],[39.226,49.84],[39.18,49.889],[39.067,49.816],[39.017,49.82],[38.948,49.797],[38.912,49.818],[38.889,49.819],[38.795,49.778],[38.777,49.713],[38.816,49.707],[38.891,49.726],[38.956,49.679],[38.942,49.621],[38.91,49.624],[38.896,49.585],[38.917,49.534],[38.902,49.471],[38.864,49.428],[38.895,49.414],[38.891,49.378],[38.821,49.373],[38.767,49.353],[38.678,49.371],[38.672,49.427],[38.637,49.435],[38.584,49.4],[38.62,49.389],[38.625,49.357],[38.585,49.342],[38.552,49.28],[38.477,49.283],[38.475,49.247],[38.513,49.223],[38.504,49.203],[38.626,49.197],[38.614,49.176],[38.689,49.161],[38.692,49.066],[38.717,49.043],[38.747,49.057],[38.818,49.055]]]},"properties":{"key":"UA44140000000031142","name":"Старобільський район","oblast":"Луганська область"}},{"type":"Feature","geometry":{"type":"Polygon","coordinates":[[[39.073,48.651],[39.138,48.66],[39.149,48.677],[39.25,48.715],[39.258,48.743],[39.311,48.775],[39.372,48.715],[39.356,48.699],[39.454,48.655],[39.468,48.628],[39.51,48.635],[39.532,48.585],[39.559,48.599],[39.612,48.574],[39.691,48.586],[39.66,48.608],[39.723,48.684],[39.705,48.708],[39.778,48.785],[39.792,48.836],[39.883,48.822],[39.976,48.793],[40.08,48.87],[40.061,48.909],[40.004,48.901],[39.993,48.868],[39.925,48.896],[39.832,48.888],[39.774,48.925],[39.747,48.987],[39.676,48.99],[39.626,49.004],[39.586,48.977],[39.536,48.992],[39.501,49.073],[39.463,49.105],[39.431,49.056],[39.306,49.1],[39.275,49.089],[39.143,49.128],[39.138,49.098],[38.879,49.122],[38.816,49.094],[38.818,49.055],[38.823,48.974],[38.697,48.883],[38.721,48.873],[38.664,48.849],[38.695,48.836],[38.663,48.811],[38.695,48.799],[38.658,48.77],[38.7,48.759],[38.764,48.77],[38.799,48.752],[38.901,48.751],[38.955,48.735],[38.979,48.745],[39.037,48.649],[39.073,48.651]]]},"properties":{"key":"UA44160000000057142","name":"Щастинський район","oblast":"Луганська область"}},{"type":"Feature","geometry":{"type":"Polygon","coordinates":[[[23.213,49.052],[23.25,49.029],[23.274,49.055],[23.27,49.129],[23.305,49.153],[23.352,49.134],[23.39,49.171],[23.352,49.199],[23.418,49.226],[23.441,49.191],[23.515,49.175],[23.494,49.133],[23.564,49.139],[23.595,49.213],[23.642,49.204],[23.687,49.236],[23.664,49.269],[23.726,49.302],[23.772,49.361],[23.808,49.38],[23.785,49.42],[23.802,49.447],[23.769,49.456],[23.741,49.5],[23.638,49.532],[23.573,49.547],[23.554,49.496],[23.472,49.497],[23.399,49.484],[23.378,49.46],[23.288,49.466],[23.267,49.416],[23.22,49.352],[23.168,49.366],[23.114,49.341],[23.109,49.302],[23.16,49.268],[23.143,49.244],[23.22,49.171],[23.186,49.152],[23.152,49.1],[23.213,49.052]]]},"properties":{"key":"UA46020000000075920","name":"Дрогобицький район","oblast":"Львівська область"}},{"type":"Feature","geometry":{"type":"Polygon","coordinates":[[[25.347,50.004],[25.319,50.016],[25.197,50.131],[25.215,50.18],[25.17,50.202],[25.205,50.279],[25.113,50.287],[25.056,50.301],[25.052,50.257],[24.994,50.197],[24.912,50.179],[24.836,50.179],[24.879,50.156],[24.861,50.099],[24.763,50.123],[24.743,50.141],[24.673,50.146],[24.629,50.119],[24.53,50.118],[24.535,50.097],[24.436,50.107],[24.473,50.052],[24.548,50.018],[24.494,50.019],[24.446,49.982],[24.436,49.895],[24.392,49.9],[24.354,49.869],[24.453,49.846],[24.503,49.866],[24.612,49.828],[24.59,49.805],[24.608,49.772],[24.683,49.744],[24.7,49.71],[24.782,49.713],[24.788,49.677],[24.852,49.663],[24.829,49.622],[24.846,49.601],[24.943,49.609],[24.983,49.637],[24.997,49.697],[25.022,49.735],[25.067,49.712],[25.115,49.746],[25.087,49.778],[25.084,49.828],[25.137,49.815],[25.183,49.837],[25.288,49.828],[25.299,49.854],[25.375,49.868],[25.389,49.934],[25.427,49.937],[25.403,49.986],[25.347,50.004]]]},"properties":{"key":"UA46040000000069196","name":"Золочівський район","oblast":"Львівська область"}},{"type":"Feature","geometry":{"type":"Polygon","coordinates":[[[24.53,50.118],[24.526,50.133],[24.427,50.138],[24.456,50.159],[24.389,50.176],[24.337,50.16],[24.313,50.199],[24.244,50.197],[24.203,50.13],[24.149,50.16],[24.135,50.115],[24.105,50.116],[24.092,50.203],[23.973,50.203],[23.973,50.22],[23.909,50.222],[23.885,50.255],[23.814,50.269],[23.797,50.3],[23.683,50.301],[23.677,50.329],[23.639,50.321],[23.581,50.266],[23.47,50.218],[23.448,50.199],[23.488,50.189],[23.505,50.152],[23.524,50.173],[23.58,50.175],[23.601,50.144],[23.652,50.117],[23.773,50.069],[23.812,49.995],[23.893,49.976],[23.933,49.919],[23.919,49.892],[23.858,49.878],[23.885,49.85],[23.856,49.842],[23.652,49.843],[23.645,49.826],[23.582,49.855],[23.585,49.877],[23.534,49.869],[23.46,49.808],[23.461,49.76],[23.436,49.754],[23.451,49.744],[23.419,49.689],[23.435,49.677],[23.483,49.706],[23.5,49.677],[23.54,49.678],[23.63,49.636],[23.603,49.602],[23.649,49.573],[23.638,49.532],[23.741,49.5],[23.777,49.533],[23.788,49.511],[23.819,49.533],[23.783,49.573],[23.823,49.606],[23.847,49.58],[23.932,49.57],[23.959,49.595],[23.927,49.604],[23.937,49.659],[24.015,49.625],[24.037,49.648],[24.071,49.633],[24.114,49.584],[24.217,49.576],[24.306,49.538],[24.312,49.499],[24.401,49.495],[24.44,49.512],[24.434,49.536],[24.488,49.548],[24.505,49.513],[24.57,49.534],[24.647,49.497],[24.716,49.496],[24.721,49.57],[24.792,49.573],[24.846,49.601],[24.829,49.622],[24.852,49.663],[24.788,49.677],[24.782,49.713],[24.7,49.71],[24.683,49.744],[24.608,49.772],[24.59,49.805],[24.612,49.828],[24.503,49.866],[24.453,49.846],[24.354,49.869],[24.392,49.9],[24.436,49.895],[24.446,49.982],[24.494,50.019],[24.548,50.018],[24.473,50.052],[24.436,50.107],[24.535,50.097],[24.53,50.118]]]},"properties":{"key":"UA46060000000042587","name":"Львівський район","oblast":"Львівська область"}},{"type":"Feature","geometry":{"type":"Polygon","coordinates":[[[23.135,48.844],[23.159,48.875],[23.1,48.879],[23.085,48.923],[23.123,48.958],[23.138,49.035],[23.187,49.022],[23.213,49.052],[23.152,49.1],[23.186,49.152],[23.22,49.171],[23.143,49.244],[23.16,49.268],[23.109,49.302],[23.114,49.341],[23.168,49.366],[23.22,49.352],[23.267,49.416],[23.288,49.466],[23.378,49.46],[23.399,49.484],[23.472,49.497],[23.554,49.496],[23.573,49.547],[23.638,49.532],[23.649,49.573],[23.603,49.602],[23.63,49.636],[23.54,49.678],[23.5,49.677],[23.483,49.706],[23.435,49.677],[23.419,49.689],[23.451,49.744],[23.436,49.754],[23.396,49.761],[23.382,49.713],[23.397,49.683],[23.317,49.674],[23.308,49.652],[23.257,49.644],[23.181,49.655],[23.047,49.628],[23.002,49.636],[22.922,49.7],[22.85,49.714],[22.787,49.676],[22.783,49.657],[22.641,49.53],[22.697,49.495],[22.747,49.36],[22.751,49.317],[22.735,49.212],[22.707,49.175],[22.757,49.181],[22.739,49.158],[22.789,49.158],[22.829,49.112],[22.893,49.095],[22.865,49.067],[22.893,49.019],[22.868,49.003],[22.898,49.005],[22.919,48.97],[22.873,48.957],[22.886,48.925],[22.899,48.904],[22.971,48.874],[23,48.83],[23.021,48.848],[23.1,48.862],[23.135,48.844]]]},"properties":{"key":"UA46080000000017237","name":"Самбірський район","oblast":"Львівська область"}},{"type":"Feature","geometry":{"type":"Polygon","coordinates":[[[23.741,49.5],[23.769,49.456],[23.802,49.447],[23.785,49.42],[23.808,49.38],[23.772,49.361],[23.726,49.302],[23.664,49.269],[23.687,49.236],[23.642,49.204],[23.595,49.213],[23.564,49.139],[23.494,49.133],[23.515,49.175],[23.441,49.191],[23.418,49.226],[23.352,49.199],[23.39,49.171],[23.352,49.134],[23.305,49.153],[23.27,49.129],[23.274,49.055],[23.25,49.029],[23.213,49.052],[23.187,49.022],[23.138,49.035],[23.123,48.958],[23.085,48.923],[23.1,48.879],[23.159,48.875],[23.135,48.844],[23.177,48.807],[23.202,48.76],[23.317,48.753],[23.361,48.771],[23.378,48.744],[23.435,48.726],[23.547,48.725],[23.579,48.785],[23.552,48.822],[23.582,48.872],[23.561,48.911],[23.586,48.956],[23.566,48.975],[23.678,49.043],[23.691,49.096],[23.718,49.093],[23.764,49.122],[23.904,49.098],[23.97,49.138],[24.014,49.118],[24.058,49.147],[24.235,49.145],[24.282,49.168],[24.384,49.189],[24.435,49.174],[24.447,49.231],[24.388,49.228],[24.347,49.243],[24.364,49.278],[24.305,49.278],[24.303,49.316],[24.381,49.308],[24.405,49.367],[24.384,49.442],[24.41,49.445],[24.401,49.495],[24.312,49.499],[24.306,49.538],[24.217,49.576],[24.114,49.584],[24.071,49.633],[24.037,49.648],[24.015,49.625],[23.937,49.659],[23.927,49.604],[23.959,49.595],[23.932,49.57],[23.847,49.58],[23.823,49.606],[23.783,49.573],[23.819,49.533],[23.788,49.511],[23.777,49.533],[23.741,49.5]]]},"properties":{"key":"UA46100000000023056","name":"Стрийський район","oblast":"Львівська область"}},{"type":"Feature","geometry":{"type":"Polygon","coordinates":[[[24.53,50.118],[24.629,50.119],[24.673,50.146],[24.743,50.141],[24.763,50.123],[24.861,50.099],[24.879,50.156],[24.836,50.179],[24.912,50.179],[24.994,50.197],[25.052,50.257],[25.056,50.301],[25.06,50.341],[25.017,50.342],[24.949,50.386],[24.937,50.346],[24.887,50.359],[24.767,50.338],[24.715,50.343],[24.722,50.373],[24.654,50.41],[24.597,50.414],[24.588,50.493],[24.563,50.489],[24.54,50.541],[24.489,50.556],[24.449,50.541],[24.406,50.56],[24.413,50.587],[24.381,50.609],[24.323,50.6],[24.318,50.574],[24.23,50.584],[24.171,50.635],[24.098,50.637],[24.091,50.562],[24.035,50.445],[23.998,50.412],[23.803,50.405],[23.703,50.375],[23.677,50.329],[23.683,50.301],[23.797,50.3],[23.814,50.269],[23.885,50.255],[23.909,50.222],[23.973,50.22],[23.973,50.203],[24.092,50.203],[24.105,50.116],[24.135,50.115],[24.149,50.16],[24.203,50.13],[24.244,50.197],[24.313,50.199],[24.337,50.16],[24.389,50.176],[24.456,50.159],[24.427,50.138],[24.526,50.133],[24.53,50.118]]]},"properties":{"key":"UA46120000000057093","name":"Шептицький район","oblast":"Львівська область"}},{"type":"Feature","geometry":{"type":"Polygon","coordinates":[[[23.436,49.754],[23.461,49.76],[23.46,49.808],[23.534,49.869],[23.585,49.877],[23.582,49.855],[23.645,49.826],[23.652,49.843],[23.856,49.842],[23.885,49.85],[23.858,49.878],[23.919,49.892],[23.933,49.919],[23.893,49.976],[23.812,49.995],[23.773,50.069],[23.652,50.117],[23.601,50.144],[23.58,50.175],[23.524,50.173],[23.505,50.152],[23.488,50.189],[23.448,50.199],[23.279,50.086],[23.033,49.881],[22.962,49.805],[22.933,49.793],[22.85,49.714],[22.922,49.7],[23.002,49.636],[23.047,49.628],[23.181,49.655],[23.257,49.644],[23.308,49.652],[23.317,49.674],[23.397,49.683],[23.382,49.713],[23.396,49.761],[23.436,49.754]]]},"properties":{"key":"UA46140000000036328","name":"Яворівський район","oblast":"Львівська область"}},{"type":"Feature","geometry":{"type":"Polygon","coordinates":[[[33.022,46.973],[33.093,47.039],[33.156,47.117],[33.105,47.137],[33.103,47.1],[33.073,47.062],[33.027,47.04],[32.928,47.082],[32.907,47.121],[32.961,47.19],[33.016,47.18],[33.067,47.201],[33.074,47.223],[33.117,47.204],[33.127,47.231],[33.184,47.238],[33.105,47.28],[33.103,47.322],[33.137,47.334],[33.117,47.389],[33.039,47.38],[33.029,47.421],[33.071,47.475],[33.072,47.412],[33.138,47.42],[33.123,47.508],[33.141,47.545],[33.095,47.528],[33.093,47.579],[33.095,47.597],[32.961,47.59],[32.997,47.615],[32.972,47.723],[33.072,47.739],[33.055,47.832],[33.078,47.92],[33.014,47.91],[33.004,47.989],[32.989,48.048],[32.872,48.024],[32.894,47.986],[32.811,47.979],[32.796,47.994],[32.689,47.983],[32.697,47.947],[32.743,47.932],[32.652,47.921],[32.686,47.873],[32.664,47.871],[32.658,47.82],[32.428,47.79],[32.363,47.789],[32.304,47.824],[32.237,47.815],[32.232,47.76],[32.208,47.757],[32.221,47.711],[32.177,47.707],[32.193,47.616],[32.223,47.594],[32.113,47.583],[32.12,47.566],[32.158,47.563],[32.147,47.516],[32.106,47.489],[32.049,47.489],[32.059,47.442],[32.117,47.417],[32.132,47.346],[32.106,47.342],[32.125,47.277],[32.087,47.273],[32.111,47.166],[32.229,47.183],[32.218,47.148],[32.339,47.158],[32.321,47.136],[32.379,47.134],[32.552,47.155],[32.58,47.088],[32.6,47.09],[32.609,47.01],[32.544,47.002],[32.544,46.957],[32.524,46.926],[32.571,46.932],[32.577,46.903],[32.545,46.883],[32.585,46.856],[32.688,46.862],[32.698,46.824],[32.949,46.858],[32.915,46.883],[32.856,46.877],[32.841,46.9],[32.925,46.91],[32.922,46.927],[32.98,46.934],[32.95,46.946],[32.934,46.986],[32.95,47.003],[33.022,46.973]]]},"properties":{"key":"UA48020000000033544","name":"Баштанський район","oblast":"Миколаївська область"}},{"type":"Feature","geometry":{"type":"Polygon","coordinates":[[[30.777,47.648],[30.779,47.584],[30.745,47.58],[30.773,47.546],[30.876,47.545],[30.883,47.507],[30.852,47.503],[30.893,47.321],[30.908,47.277],[30.998,47.289],[31.018,47.239],[31.17,47.266],[31.178,47.223],[31.146,47.218],[31.157,47.182],[31.109,47.188],[31.11,47.156],[31.197,47.155],[31.246,47.178],[31.273,47.16],[31.295,47.146],[31.385,47.145],[31.359,47.231],[31.324,47.235],[31.411,47.259],[31.401,47.299],[31.449,47.302],[31.551,47.28],[31.577,47.303],[31.664,47.337],[31.592,47.39],[31.617,47.396],[31.604,47.44],[31.721,47.443],[31.755,47.509],[31.801,47.54],[31.777,47.561],[31.884,47.568],[31.946,47.56],[31.999,47.533],[32.096,47.551],[32.12,47.566],[32.113,47.583],[32.223,47.594],[32.193,47.616],[32.177,47.707],[32.221,47.711],[32.208,47.757],[32.117,47.756],[32.055,47.817],[31.96,47.81],[31.963,47.799],[31.838,47.783],[31.827,47.817],[31.868,47.822],[31.857,47.865],[31.89,47.866],[31.877,47.919],[31.855,47.916],[31.844,47.964],[31.752,47.947],[31.729,48.036],[31.783,48.042],[31.767,48.102],[31.695,48.093],[31.679,48.12],[31.634,48.135],[31.582,48.129],[31.584,48.106],[31.541,48.108],[31.551,48.07],[31.47,48.063],[31.499,48.087],[31.487,48.13],[31.404,48.109],[31.405,48.014],[31.435,48],[31.478,47.85],[31.445,47.845],[31.453,47.776],[31.376,47.787],[31.383,47.762],[31.294,47.749],[31.256,47.793],[31.262,47.848],[31.236,47.915],[31.191,47.918],[31.091,47.904],[31.049,47.875],[30.935,47.865],[30.773,47.821],[30.752,47.789],[30.792,47.74],[30.747,47.713],[30.777,47.648]]]},"properties":{"key":"UA48040000000011780","name":"Вознесенський район","oblast":"Миколаївська область"}},{"type":"Feature","geometry":{"type":"Polygon","coordinates":[[[32.545,46.883],[32.577,46.903],[32.571,46.932],[32.524,46.926],[32.544,46.957],[32.544,47.002],[32.609,47.01],[32.6,47.09],[32.58,47.088],[32.552,47.155],[32.379,47.134],[32.321,47.136],[32.339,47.158],[32.218,47.148],[32.229,47.183],[32.111,47.166],[32.087,47.273],[32.125,47.277],[32.106,47.342],[32.132,47.346],[32.117,47.417],[32.059,47.442],[32.049,47.489],[32.106,47.489],[32.147,47.516],[32.158,47.563],[32.12,47.566],[32.096,47.551],[31.999,47.533],[31.946,47.56],[31.884,47.568],[31.777,47.561],[31.801,47.54],[31.755,47.509],[31.721,47.443],[31.604,47.44],[31.617,47.396],[31.592,47.39],[31.664,47.337],[31.577,47.303],[31.551,47.28],[31.449,47.302],[31.401,47.299],[31.411,47.259],[31.324,47.235],[31.359,47.231],[31.385,47.145],[31.295,47.146],[31.273,47.16],[31.305,47.048],[31.291,47.025],[31.229,47.022],[31.242,46.991],[31.018,46.964],[31.038,46.909],[31.093,46.881],[31.111,46.845],[31.155,46.837],[31.153,46.792],[31.178,46.769],[31.153,46.744],[31.179,46.709],[31.193,46.657],[31.177,46.627],[31.159,46.41],[31.381,46.408],[31.503,46.381],[31.543,46.382],[31.673,46.358],[31.805,46.356],[31.804,46.479],[31.848,46.5],[31.927,46.582],[31.93,46.653],[31.989,46.655],[32.02,46.677],[32.087,46.684],[32.057,46.745],[32.172,46.752],[32.219,46.771],[32.21,46.806],[32.252,46.82],[32.227,46.845],[32.342,46.795],[32.373,46.799],[32.365,46.829],[32.463,46.84],[32.469,46.817],[32.531,46.823],[32.545,46.883]]]},"properties":{"key":"UA48060000000094390","name":"Миколаївський район","oblast":"Миколаївська область"}},{"type":"Feature","geometry":{"type":"Polygon","coordinates":[[[30.777,47.648],[30.747,47.713],[30.792,47.74],[30.752,47.789],[30.773,47.821],[30.935,47.865],[31.049,47.875],[31.091,47.904],[31.191,47.918],[31.236,47.915],[31.262,47.848],[31.256,47.793],[31.294,47.749],[31.383,47.762],[31.376,47.787],[31.453,47.776],[31.445,47.845],[31.478,47.85],[31.435,48],[31.405,48.014],[31.404,48.109],[31.389,48.129],[31.33,48.114],[31.325,48.138],[31.236,48.117],[31.221,48.171],[31.138,48.229],[31.091,48.224],[31.053,48.232],[30.981,48.222],[30.989,48.184],[30.932,48.184],[30.93,48.166],[30.855,48.161],[30.819,48.188],[30.717,48.196],[30.647,48.185],[30.617,48.156],[30.556,48.156],[30.527,48.18],[30.471,48.163],[30.363,48.174],[30.308,48.142],[30.315,48.117],[30.357,48.101],[30.25,48.09],[30.232,48.07],[30.258,48.021],[30.226,48.012],[30.246,47.967],[30.3,47.921],[30.335,47.81],[30.423,47.821],[30.439,47.79],[30.424,47.761],[30.389,47.752],[30.421,47.634],[30.464,47.64],[30.471,47.618],[30.612,47.636],[30.664,47.635],[30.66,47.601],[30.72,47.609],[30.709,47.639],[30.777,47.648]]]},"properties":{"key":"UA48080000000082320","name":"Первомайський район","oblast":"Миколаївська область"}},{"type":"Feature","geometry":{"type":"Polygon","coordinates":[[[31.038,46.909],[31.018,46.964],[31.242,46.991],[31.229,47.022],[31.291,47.025],[31.305,47.048],[31.273,47.16],[31.246,47.178],[31.197,47.155],[31.11,47.156],[31.109,47.188],[31.157,47.182],[31.146,47.218],[31.178,47.223],[31.17,47.266],[31.018,47.239],[30.998,47.289],[30.908,47.277],[30.893,47.321],[30.852,47.503],[30.883,47.507],[30.876,47.545],[30.773,47.546],[30.745,47.58],[30.779,47.584],[30.777,47.648],[30.709,47.639],[30.72,47.609],[30.66,47.601],[30.664,47.635],[30.612,47.636],[30.471,47.618],[30.447,47.577],[30.297,47.557],[30.275,47.566],[30.226,47.54],[30.156,47.532],[30.166,47.501],[30.115,47.494],[30.128,47.461],[30.108,47.438],[29.977,47.436],[29.876,47.413],[29.892,47.329],[29.933,47.291],[29.956,47.316],[30.048,47.327],[30.074,47.285],[30.118,47.283],[30.118,47.24],[30.15,47.211],[30.174,47.11],[30.11,47.094],[30.138,46.98],[30.237,46.99],[30.314,46.968],[30.317,46.923],[30.349,46.926],[30.372,46.842],[30.404,46.82],[30.462,46.827],[30.46,46.866],[30.511,46.795],[30.547,46.811],[30.566,46.769],[30.658,46.78],[30.652,46.83],[30.678,46.839],[30.641,46.899],[30.696,46.908],[30.693,46.878],[30.725,46.901],[30.802,46.918],[30.795,46.947],[30.844,46.954],[30.866,46.92],[30.896,46.925],[30.911,46.871],[31.038,46.909]]]},"properties":{"key":"UA51020000000097683","name":"Березівський район","oblast":"Одеська область"}},{"type":"Feature","geometry":{"type":"Polygon","coordinates":[[[29.399,46.426],[29.484,46.36],[29.384,46.324],[29.532,46.287],[29.605,46.295],[29.626,46.207],[29.553,46.19],[29.484,46.195],[29.474,46.147],[29.526,46.153],[29.534,46.096],[29.503,46.038],[29.552,46.044],[29.561,45.946],[29.596,45.922],[29.496,45.909],[29.465,45.915],[29.438,45.865],[29.48,45.779],[29.403,45.792],[29.411,45.753],[29.315,45.732],[29.327,45.69],[29.418,45.699],[29.424,45.671],[29.461,45.675],[29.492,45.614],[29.555,45.624],[29.552,45.645],[29.604,45.648],[29.599,45.557],[29.65,45.529],[29.759,45.604],[29.865,45.659],[30.027,45.754],[30.087,45.794],[30.218,45.863],[30.359,45.989],[30.47,46.072],[30.565,46.166],[30.549,46.183],[30.491,46.156],[30.456,46.112],[30.372,46.226],[30.267,46.266],[30.3,46.348],[30.227,46.441],[30.169,46.433],[30.164,46.414],[30.097,46.375],[30.008,46.36],[29.988,46.384],[29.935,46.399],[29.887,46.372],[29.891,46.352],[29.805,46.386],[29.776,46.455],[29.727,46.467],[29.735,46.435],[29.66,46.436],[29.679,46.361],[29.58,46.361],[29.566,46.416],[29.506,46.423],[29.502,46.461],[29.448,46.499],[29.387,46.447],[29.399,46.426]]]},"properties":{"key":"UA51040000000032911","name":"Білгород-Дністровський район","oblast":"Одеська область"}},{"type":"Feature","geometry":{"type":"Polygon","coordinates":[[[29.399,46.426],[29.351,46.504],[29.308,46.465],[29.324,46.415],[29.264,46.406],[29.241,46.376],[29.207,46.386],[29.247,46.417],[29.22,46.464],[29.255,46.485],[29.236,46.558],[29.162,46.544],[29.163,46.515],[29.063,46.513],[29.025,46.462],[28.931,46.458],[28.997,46.32],[28.952,46.259],[29.067,46.196],[28.95,46.094],[29.006,46.049],[28.979,46.003],[28.776,45.971],[28.754,45.929],[28.786,45.832],[28.697,45.818],[28.709,45.78],[28.625,45.766],[28.586,45.773],[28.595,45.737],[28.563,45.726],[28.519,45.736],[28.481,45.678],[28.516,45.665],[28.544,45.58],[28.553,45.554],[28.661,45.522],[28.644,45.472],[28.769,45.496],[28.738,45.589],[28.882,45.607],[28.948,45.628],[28.938,45.648],[28.986,45.656],[28.972,45.698],[29.023,45.702],[29.013,45.73],[29.076,45.751],[29.066,45.78],[29.1,45.801],[29.169,45.813],[29.185,45.791],[29.208,45.706],[29.315,45.732],[29.411,45.753],[29.403,45.792],[29.48,45.779],[29.438,45.865],[29.465,45.915],[29.496,45.909],[29.596,45.922],[29.561,45.946],[29.552,46.044],[29.503,46.038],[29.534,46.096],[29.526,46.153],[29.474,46.147],[29.484,46.195],[29.553,46.19],[29.626,46.207],[29.605,46.295],[29.532,46.287],[29.384,46.324],[29.484,46.36],[29.399,46.426]]]},"properties":{"key":"UA51060000000057808","name":"Болградський район","oblast":"Одеська область"}},{"type":"Feature","geometry":{"type":"Polygon","coordinates":[[[28.544,45.58],[28.491,45.571],[28.515,45.5],[28.421,45.485],[28.421,45.513],[28.305,45.547],[28.257,45.517],[28.214,45.467],[28.287,45.433],[28.285,45.4],[28.349,45.32],[28.569,45.248],[28.636,45.244],[28.714,45.224],[28.788,45.24],[28.752,45.281],[28.793,45.293],[28.781,45.323],[28.816,45.336],[28.935,45.28],[28.95,45.313],[29.044,45.361],[29.179,45.4],[29.238,45.433],[29.294,45.428],[29.324,45.448],[29.364,45.436],[29.43,45.443],[29.474,45.423],[29.551,45.409],[29.651,45.34],[29.679,45.268],[29.66,45.251],[29.694,45.211],[29.757,45.222],[29.753,45.261],[29.784,45.318],[29.763,45.368],[29.786,45.463],[29.745,45.49],[29.689,45.467],[29.622,45.496],[29.65,45.529],[29.599,45.557],[29.604,45.648],[29.552,45.645],[29.555,45.624],[29.492,45.614],[29.461,45.675],[29.424,45.671],[29.418,45.699],[29.327,45.69],[29.315,45.732],[29.208,45.706],[29.185,45.791],[29.169,45.813],[29.1,45.801],[29.066,45.78],[29.076,45.751],[29.013,45.73],[29.023,45.702],[28.972,45.698],[28.986,45.656],[28.938,45.648],[28.948,45.628],[28.882,45.607],[28.738,45.589],[28.769,45.496],[28.644,45.472],[28.661,45.522],[28.553,45.554],[28.544,45.58]]]},"properties":{"key":"UA51080000000061776","name":"Ізмаїльський район","oblast":"Одеська область"}},{"type":"Feature","geometry":{"type":"Polygon","coordinates":[[[30.565,46.166],[30.683,46.326],[30.752,46.375],[30.773,46.441],[30.766,46.477],[30.734,46.494],[30.741,46.535],[30.783,46.556],[30.819,46.547],[31.012,46.599],[31.177,46.627],[31.193,46.657],[31.179,46.709],[31.153,46.744],[31.178,46.769],[31.153,46.792],[31.155,46.837],[31.111,46.845],[31.093,46.881],[31.038,46.909],[30.911,46.871],[30.896,46.925],[30.866,46.92],[30.844,46.954],[30.795,46.947],[30.802,46.918],[30.725,46.901],[30.693,46.878],[30.696,46.908],[30.641,46.899],[30.678,46.839],[30.652,46.83],[30.658,46.78],[30.566,46.769],[30.547,46.811],[30.511,46.795],[30.46,46.866],[30.462,46.827],[30.494,46.756],[30.324,46.731],[30.329,46.707],[30.39,46.705],[30.4,46.659],[30.351,46.654],[30.376,46.617],[30.345,46.614],[30.317,46.69],[30.129,46.675],[30.153,46.628],[29.954,46.633],[29.963,46.585],[29.936,46.589],[29.945,46.556],[29.886,46.547],[29.905,46.516],[29.954,46.499],[29.984,46.51],[30.023,46.442],[30.059,46.426],[30.164,46.414],[30.169,46.433],[30.227,46.441],[30.3,46.348],[30.267,46.266],[30.372,46.226],[30.456,46.112],[30.491,46.156],[30.549,46.183],[30.565,46.166]]]},"properties":{"key":"UA51100000000095786","name":"Одеський район","oblast":"Одеська область"}},{"type":"Feature","geometry":{"type":"Polygon","coordinates":[[[28.848,48.079],[28.839,48.035],[28.926,47.96],[28.962,47.979],[29.033,47.943],[29.087,47.947],[29.078,47.97],[29.125,47.994],[29.175,47.994],[29.201,47.884],[29.274,47.89],[29.207,47.837],[29.219,47.798],[29.276,47.802],[29.249,47.751],[29.204,47.719],[29.22,47.682],[29.218,47.612],[29.167,47.571],[29.117,47.554],[29.152,47.507],[29.185,47.519],[29.191,47.425],[29.242,47.462],[29.244,47.415],[29.317,47.449],[29.337,47.37],[29.391,47.38],[29.398,47.3],[29.427,47.292],[29.486,47.306],[29.488,47.356],[29.574,47.37],[29.594,47.419],[29.572,47.474],[29.598,47.509],[29.826,47.531],[29.845,47.469],[29.939,47.467],[29.977,47.436],[30.108,47.438],[30.128,47.461],[30.115,47.494],[30.166,47.501],[30.156,47.532],[30.226,47.54],[30.275,47.566],[30.297,47.557],[30.447,47.577],[30.471,47.618],[30.464,47.64],[30.421,47.634],[30.389,47.752],[30.424,47.761],[30.439,47.79],[30.423,47.821],[30.335,47.81],[30.3,47.921],[30.246,47.967],[30.226,48.012],[30.258,48.021],[30.232,48.07],[30.25,48.09],[30.357,48.101],[30.315,48.117],[30.308,48.142],[30.241,48.141],[30.189,48.155],[30.107,48.14],[30.053,48.15],[29.99,48.23],[29.93,48.233],[29.891,48.186],[29.84,48.213],[29.781,48.209],[29.682,48.188],[29.664,48.108],[29.602,48.133],[29.588,48.102],[29.531,48.098],[29.472,48.122],[29.394,48.114],[29.387,48.095],[29.311,48.086],[29.221,48.105],[29.206,48.122],[29.262,48.13],[29.25,48.15],[29.209,48.134],[29.141,48.141],[29.065,48.195],[29.032,48.126],[29.01,48.148],[28.945,48.157],[28.931,48.095],[28.848,48.079]]]},"properties":{"key":"UA51120000000021678","name":"Подільський район","oblast":"Одеська область"}},{"type":"Feature","geometry":{"type":"Polygon","coordinates":[[[29.574,47.37],[29.599,47.257],[29.552,47.251],[29.58,47.136],[29.505,47.128],[29.53,47.075],[29.548,47.094],[29.612,47.1],[29.629,47.045],[29.602,47.042],[29.596,46.964],[29.572,46.94],[29.64,46.955],[29.648,46.919],[29.718,46.932],[29.75,46.861],[29.884,46.886],[29.905,46.82],[29.952,46.842],[29.979,46.816],[29.935,46.806],[29.975,46.754],[29.954,46.633],[30.153,46.628],[30.129,46.675],[30.317,46.69],[30.345,46.614],[30.376,46.617],[30.351,46.654],[30.4,46.659],[30.39,46.705],[30.329,46.707],[30.324,46.731],[30.494,46.756],[30.462,46.827],[30.404,46.82],[30.372,46.842],[30.349,46.926],[30.317,46.923],[30.314,46.968],[30.237,46.99],[30.138,46.98],[30.11,47.094],[30.174,47.11],[30.15,47.211],[30.118,47.24],[30.118,47.283],[30.074,47.285],[30.048,47.327],[29.956,47.316],[29.933,47.291],[29.892,47.329],[29.876,47.413],[29.977,47.436],[29.939,47.467],[29.845,47.469],[29.826,47.531],[29.598,47.509],[29.572,47.474],[29.594,47.419],[29.574,47.37]]]},"properties":{"key":"UA51140000000094970","name":"Роздільнянський район","oblast":"Одеська область"}},{"type":"Feature","geometry":{"type":"Polygon","coordinates":[[[32.859,49.245],[32.936,49.23],[32.983,49.24],[32.984,49.21],[33.035,49.185],[33.102,49.185],[33.156,49.133],[33.155,49.101],[33.2,49.074],[33.245,49.079],[33.248,49.146],[33.304,49.118],[33.287,49.084],[33.328,49.025],[33.298,49.004],[33.325,48.961],[33.401,48.928],[33.407,48.96],[33.476,48.952],[33.474,48.916],[33.537,48.931],[33.589,48.917],[33.636,48.973],[33.665,48.978],[33.718,48.94],[33.819,48.937],[33.894,48.902],[33.931,48.88],[34.013,48.934],[33.978,48.958],[33.883,48.988],[33.883,49.014],[33.987,49.02],[33.986,49.083],[34.046,49.075],[34.057,49.112],[34.088,49.113],[34.095,49.177],[34.044,49.184],[34.027,49.275],[33.99,49.312],[33.98,49.369],[33.915,49.364],[33.861,49.415],[33.803,49.41],[33.776,49.473],[33.697,49.511],[33.642,49.522],[33.617,49.576],[33.541,49.591],[33.491,49.613],[33.381,49.657],[33.28,49.639],[33.26,49.66],[33.141,49.66],[33.151,49.692],[33.059,49.715],[33.018,49.755],[32.921,49.773],[32.858,49.807],[32.818,49.785],[32.82,49.755],[32.723,49.737],[32.727,49.714],[32.69,49.66],[32.711,49.606],[32.753,49.579],[32.751,49.524],[32.681,49.5],[32.652,49.435],[32.679,49.426],[32.69,49.385],[32.737,49.372],[32.736,49.352],[32.651,49.357],[32.542,49.383],[32.51,49.408],[32.468,49.328],[32.598,49.275],[32.607,49.255],[32.733,49.254],[32.766,49.233],[32.859,49.245]]]},"properties":{"key":"UA53020000000034761","name":"Кременчуцький район","oblast":"Полтавська область"}},{"type":"Feature","geometry":{"type":"Polygon","coordinates":[[[33.491,49.613],[33.511,49.633],[33.5,49.693],[33.547,49.737],[33.54,49.768],[33.581,49.784],[33.566,49.833],[33.497,49.855],[33.439,49.851],[33.397,49.887],[33.366,49.891],[33.383,49.943],[33.307,49.98],[33.295,50.011],[33.368,50.024],[33.405,50.088],[33.394,50.145],[33.342,50.168],[33.35,50.199],[33.286,50.185],[33.258,50.15],[33.152,50.19],[33.126,50.291],[33.091,50.325],[33.044,50.337],[33.052,50.386],[33.001,50.383],[33.002,50.424],[32.937,50.431],[32.838,50.375],[32.75,50.36],[32.562,50.359],[32.528,50.346],[32.485,50.371],[32.494,50.395],[32.447,50.398],[32.339,50.428],[32.29,50.379],[32.252,50.374],[32.255,50.347],[32.218,50.358],[32.143,50.348],[32.14,50.305],[32.084,50.283],[32.089,50.247],[32.118,50.228],[32.112,50.213],[32.177,50.165],[32.299,50.142],[32.304,50.12],[32.249,50.113],[32.262,50.083],[32.314,50.039],[32.334,50.058],[32.365,50.034],[32.379,49.981],[32.428,49.96],[32.414,49.903],[32.435,49.888],[32.374,49.874],[32.438,49.821],[32.45,49.796],[32.504,49.805],[32.514,49.774],[32.556,49.774],[32.574,49.703],[32.664,49.681],[32.69,49.66],[32.727,49.714],[32.723,49.737],[32.82,49.755],[32.818,49.785],[32.858,49.807],[32.921,49.773],[33.018,49.755],[33.059,49.715],[33.151,49.692],[33.141,49.66],[33.26,49.66],[33.28,49.639],[33.381,49.657],[33.491,49.613]],[[33.212,49.863],[33.208,49.923],[33.314,49.969],[33.293,49.932],[33.241,49.918],[33.262,49.902],[33.236,49.861],[33.212,49.863]]]},"properties":{"key":"UA53040000000081308","name":"Лубенський район","oblast":"Полтавська область"}},{"type":"Feature","geometry":{"type":"MultiPolygon","coordinates":[[[[33.212,49.863],[33.236,49.861],[33.262,49.902],[33.241,49.918],[33.293,49.932],[33.314,49.969],[33.208,49.923],[33.212,49.863]]],[[[32.937,50.431],[33.002,50.424],[33.001,50.383],[33.052,50.386],[33.044,50.337],[33.091,50.325],[33.126,50.291],[33.152,50.19],[33.258,50.15],[33.286,50.185],[33.35,50.199],[33.342,50.168],[33.394,50.145],[33.405,50.088],[33.368,50.024],[33.295,50.011],[33.307,49.98],[33.383,49.943],[33.366,49.891],[33.397,49.887],[33.439,49.851],[33.497,49.855],[33.566,49.833],[33.581,49.784],[33.54,49.768],[33.547,49.737],[33.5,49.693],[33.511,49.633],[33.491,49.613],[33.541,49.591],[33.617,49.576],[33.642,49.522],[33.697,49.511],[33.684,49.589],[33.792,49.582],[33.81,49.603],[33.869,49.616],[33.869,49.646],[33.95,49.66],[33.961,49.703],[34.033,49.7],[34.069,49.731],[34.046,49.755],[34.124,49.766],[34.141,49.794],[34.226,49.802],[34.243,49.897],[34.292,49.904],[34.243,49.962],[34.213,50.04],[34.137,50.066],[34.09,50.063],[34.052,50.08],[34.044,50.116],[34.129,50.157],[34.144,50.215],[34.227,50.336],[34.273,50.352],[34.313,50.343],[34.377,50.359],[34.391,50.367],[34.288,50.413],[34.252,50.441],[34.246,50.524],[34.22,50.533],[34.103,50.504],[34.032,50.504],[33.955,50.548],[33.914,50.514],[33.893,50.534],[33.812,50.515],[33.846,50.504],[33.787,50.461],[33.581,50.491],[33.532,50.48],[33.495,50.492],[33.419,50.483],[33.375,50.497],[33.374,50.521],[33.319,50.52],[33.285,50.55],[33.242,50.538],[33.222,50.504],[33.179,50.521],[33.119,50.505],[33.065,50.52],[33.016,50.471],[32.937,50.431]]]]},"properties":{"key":"UA53060000000045271","name":"Миргородський район","oblast":"Полтавська область"}},{"type":"Feature","geometry":{"type":"Polygon","coordinates":[[[34.377,50.359],[34.313,50.343],[34.273,50.352],[34.227,50.336],[34.144,50.215],[34.129,50.157],[34.044,50.116],[34.052,50.08],[34.09,50.063],[34.137,50.066],[34.213,50.04],[34.243,49.962],[34.292,49.904],[34.243,49.897],[34.226,49.802],[34.141,49.794],[34.124,49.766],[34.046,49.755],[34.069,49.731],[34.033,49.7],[33.961,49.703],[33.95,49.66],[33.869,49.646],[33.869,49.616],[33.81,49.603],[33.792,49.582],[33.684,49.589],[33.697,49.511],[33.776,49.473],[33.803,49.41],[33.861,49.415],[33.915,49.364],[33.98,49.369],[33.99,49.312],[34.027,49.275],[34.044,49.184],[34.095,49.177],[34.088,49.113],[34.057,49.112],[34.046,49.075],[33.986,49.083],[33.987,49.02],[33.883,49.014],[33.883,48.988],[33.978,48.958],[34.013,48.934],[33.931,48.88],[34.011,48.867],[34.035,48.844],[34.127,48.812],[34.127,48.784],[34.296,48.739],[34.293,48.724],[34.309,48.765],[34.297,48.821],[34.339,48.82],[34.338,48.871],[34.301,48.895],[34.313,48.941],[34.353,48.984],[34.326,48.999],[34.36,49.033],[34.416,49.055],[34.402,49.094],[34.466,49.064],[34.574,49.063],[34.624,49.123],[34.665,49.119],[34.765,49.151],[34.758,49.165],[34.847,49.191],[34.896,49.169],[34.899,49.149],[34.949,49.194],[35.018,49.151],[34.98,49.25],[35.037,49.332],[35.091,49.301],[35.242,49.297],[35.272,49.277],[35.279,49.318],[35.375,49.398],[35.348,49.405],[35.364,49.447],[35.316,49.455],[35.332,49.505],[35.481,49.484],[35.485,49.517],[35.429,49.527],[35.41,49.562],[35.486,49.572],[35.433,49.673],[35.345,49.665],[35.33,49.682],[35.244,49.694],[35.259,49.733],[35.208,49.747],[35.219,49.83],[35.14,49.86],[35.119,49.851],[34.945,49.899],[34.893,49.932],[34.856,49.987],[34.964,50.074],[34.937,50.096],[34.94,50.152],[34.854,50.162],[34.74,50.145],[34.701,50.15],[34.698,50.111],[34.575,50.121],[34.527,50.154],[34.523,50.177],[34.571,50.227],[34.526,50.243],[34.508,50.285],[34.456,50.287],[34.4,50.318],[34.377,50.359]]]},"properties":{"key":"UA53080000000068029","name":"Полтавський район","oblast":"Полтавська область"}},{"type":"Feature","geometry":{"type":"Polygon","coordinates":[[[25.593,51.925],[25.628,51.903],[25.709,51.895],[25.64,51.849],[25.632,51.804],[25.681,51.755],[25.609,51.641],[25.555,51.624],[25.599,51.581],[25.55,51.519],[25.555,51.501],[25.61,51.507],[25.641,51.479],[25.647,51.417],[25.702,51.383],[25.76,51.4],[25.755,51.381],[25.844,51.376],[25.821,51.345],[25.933,51.277],[25.948,51.232],[25.996,51.228],[26.059,51.185],[26.109,51.206],[26.156,51.233],[26.258,51.235],[26.269,51.254],[26.21,51.27],[26.183,51.299],[26.21,51.334],[26.232,51.298],[26.364,51.323],[26.331,51.344],[26.382,51.378],[26.451,51.404],[26.427,51.429],[26.378,51.42],[26.359,51.464],[26.285,51.471],[26.321,51.492],[26.227,51.548],[26.297,51.556],[26.313,51.581],[26.276,51.608],[26.299,51.641],[26.169,51.697],[26.241,51.733],[26.35,51.709],[26.322,51.737],[26.347,51.767],[26.44,51.762],[26.472,51.8],[26.427,51.833],[26.396,51.831],[26.395,51.877],[26.372,51.862],[26.273,51.871],[26.155,51.864],[26.094,51.912],[25.99,51.932],[25.937,51.916],[25.819,51.929],[25.765,51.95],[25.772,51.922],[25.709,51.916],[25.593,51.925]]]},"properties":{"key":"UA56020000000011586","name":"Вараський район","oblast":"Рівненська область"}},{"type":"Feature","geometry":{"type":"Polygon","coordinates":[[[25.113,50.287],[25.205,50.279],[25.17,50.202],[25.215,50.18],[25.197,50.131],[25.319,50.016],[25.347,50.004],[25.364,50.046],[25.431,50.053],[25.454,50.094],[25.489,50.102],[25.448,50.124],[25.476,50.166],[25.554,50.15],[25.576,50.176],[25.625,50.152],[25.684,50.177],[25.822,50.181],[25.857,50.191],[25.923,50.248],[25.963,50.256],[26.02,50.23],[26.065,50.257],[26.113,50.242],[26.13,50.272],[26.061,50.269],[25.995,50.311],[25.972,50.352],[25.921,50.391],[26.064,50.384],[26.077,50.432],[26.056,50.443],[26.103,50.502],[26.086,50.541],[26.023,50.505],[25.973,50.52],[25.908,50.56],[25.912,50.591],[25.829,50.62],[25.773,50.676],[25.722,50.684],[25.694,50.725],[25.597,50.717],[25.579,50.7],[25.475,50.672],[25.414,50.667],[25.352,50.641],[25.399,50.607],[25.328,50.612],[25.292,50.631],[25.319,50.584],[25.311,50.546],[25.27,50.533],[25.137,50.548],[25.122,50.53],[25.161,50.502],[25.151,50.466],[25.084,50.475],[25.149,50.452],[25.137,50.437],[25.209,50.376],[25.141,50.369],[25.166,50.331],[25.109,50.312],[25.113,50.287]]]},"properties":{"key":"UA56040000000062179","name":"Дубенський район","oblast":"Рівненська область"}},{"type":"Feature","geometry":{"type":"Polygon","coordinates":[[[26.22,50.18],[26.294,50.188],[26.324,50.231],[26.398,50.266],[26.495,50.267],[26.521,50.305],[26.561,50.317],[26.602,50.368],[26.648,50.365],[26.713,50.417],[26.734,50.477],[26.762,50.47],[26.778,50.502],[26.857,50.509],[26.9,50.546],[26.983,50.523],[27.018,50.559],[27.073,50.551],[27.079,50.584],[27.118,50.595],[27.131,50.561],[27.196,50.562],[27.23,50.567],[27.225,50.605],[27.189,50.621],[27.204,50.666],[27.245,50.673],[27.272,50.712],[27.27,50.763],[27.242,50.771],[27.232,50.839],[27.257,50.896],[27.225,50.911],[27.238,50.935],[27.203,50.991],[27.137,51.028],[27.141,51.05],[27.09,51.06],[27.07,51.087],[26.973,51.134],[26.804,51.135],[26.744,51.129],[26.687,51.095],[26.636,51.182],[26.56,51.176],[26.475,51.13],[26.531,51.092],[26.489,51.081],[26.484,51.034],[26.436,51.051],[26.352,51.053],[26.346,51.093],[26.262,51.118],[26.219,51.111],[26.197,51.159],[26.159,51.172],[26.082,51.169],[26.109,51.206],[26.059,51.185],[26.067,51.148],[25.938,51.113],[25.941,51.084],[26.017,51.083],[26.091,51.051],[26.107,51.005],[26.085,50.973],[25.967,50.957],[26.001,50.935],[25.992,50.866],[26.037,50.851],[26.022,50.821],[25.902,50.832],[25.872,50.738],[25.869,50.687],[25.823,50.647],[25.829,50.62],[25.912,50.591],[25.908,50.56],[25.973,50.52],[26.023,50.505],[26.086,50.541],[26.103,50.502],[26.056,50.443],[26.077,50.432],[26.064,50.384],[25.921,50.391],[25.972,50.352],[25.995,50.311],[26.061,50.269],[26.13,50.272],[26.113,50.242],[26.166,50.231],[26.216,50.264],[26.212,50.23],[26.179,50.197],[26.22,50.18]]]},"properties":{"key":"UA56060000000041446","name":"Рівненський район","oblast":"Рівненська область"}},{"type":"Feature","geometry":{"type":"Polygon","coordinates":[[[26.472,51.8],[26.44,51.762],[26.347,51.767],[26.322,51.737],[26.35,51.709],[26.241,51.733],[26.169,51.697],[26.299,51.641],[26.276,51.608],[26.313,51.581],[26.297,51.556],[26.227,51.548],[26.321,51.492],[26.285,51.471],[26.359,51.464],[26.378,51.42],[26.427,51.429],[26.451,51.404],[26.382,51.378],[26.331,51.344],[26.364,51.323],[26.232,51.298],[26.21,51.334],[26.183,51.299],[26.21,51.27],[26.269,51.254],[26.258,51.235],[26.156,51.233],[26.109,51.206],[26.082,51.169],[26.159,51.172],[26.197,51.159],[26.219,51.111],[26.262,51.118],[26.346,51.093],[26.352,51.053],[26.436,51.051],[26.484,51.034],[26.489,51.081],[26.531,51.092],[26.475,51.13],[26.56,51.176],[26.636,51.182],[26.687,51.095],[26.744,51.129],[26.804,51.135],[26.973,51.134],[27.07,51.087],[27.09,51.06],[27.141,51.05],[27.137,51.028],[27.203,50.991],[27.22,51.03],[27.326,51.042],[27.334,51.083],[27.367,51.098],[27.364,51.143],[27.398,51.17],[27.401,51.201],[27.458,51.224],[27.469,51.248],[27.441,51.311],[27.49,51.315],[27.526,51.366],[27.495,51.375],[27.504,51.452],[27.549,51.422],[27.614,51.403],[27.583,51.43],[27.579,51.479],[27.624,51.483],[27.669,51.518],[27.723,51.563],[27.728,51.605],[27.653,51.618],[27.619,51.605],[27.55,51.637],[27.517,51.638],[27.503,51.587],[27.455,51.62],[27.427,51.606],[27.24,51.602],[27.273,51.647],[27.208,51.668],[27.202,51.773],[26.994,51.769],[26.948,51.736],[26.846,51.766],[26.791,51.757],[26.757,51.801],[26.694,51.823],[26.612,51.824],[26.547,51.796],[26.472,51.8]]]},"properties":{"key":"UA56080000000096146","name":"Сарненський район","oblast":"Рівненська область"}},{"type":"Feature","geometry":{"type":"Polygon","coordinates":[[[33.2,50.962],[33.28,50.984],[33.419,50.963],[33.452,50.987],[33.508,50.985],[33.512,51.031],[33.555,51.04],[33.583,51.023],[33.64,51.032],[33.676,50.993],[33.66,50.971],[33.704,50.963],[33.759,50.986],[33.894,50.983],[33.969,51.036],[33.967,51.071],[34.014,51.065],[34.069,51.091],[34.119,51.179],[34.148,51.197],[34.161,51.244],[34.23,51.265],[34.337,51.365],[34.285,51.375],[34.223,51.428],[34.291,51.487],[34.254,51.501],[34.2,51.49],[34.175,51.527],[34.132,51.5],[34.064,51.527],[33.992,51.532],[34.001,51.478],[33.954,51.481],[33.871,51.444],[33.897,51.497],[33.86,51.486],[33.835,51.513],[33.785,51.514],[33.722,51.583],[33.737,51.611],[33.642,51.644],[33.605,51.671],[33.579,51.662],[33.497,51.711],[33.405,51.718],[33.341,51.681],[33.302,51.68],[33.226,51.654],[33.199,51.683],[33.164,51.679],[33.125,51.65],[33.155,51.642],[33.154,51.609],[33.207,51.57],[33.159,51.569],[33.192,51.506],[33.137,51.495],[33.113,51.428],[33.133,51.383],[33.108,51.366],[33.06,51.371],[33.017,51.396],[33.045,51.342],[33.069,51.332],[33.069,51.255],[33.03,51.227],[33.042,51.206],[32.989,51.197],[32.96,51.163],[32.993,51.143],[32.943,51.09],[33.041,51.082],[33.084,51.04],[33.042,50.997],[33.118,51.007],[33.137,50.961],[33.2,50.962]]]},"properties":{"key":"UA59020000000081905","name":"Конотопський район","oblast":"Сумська область"}},{"type":"Feature","geometry":{"type":"Polygon","coordinates":[[[35.439,50.543],[35.304,50.544],[35.276,50.519],[35.273,50.58],[35.181,50.572],[35.158,50.581],[35.201,50.648],[35.154,50.687],[35.115,50.668],[35.069,50.67],[35.02,50.696],[35.092,50.716],[35.011,50.742],[34.928,50.741],[34.939,50.697],[34.883,50.668],[34.862,50.625],[34.79,50.6],[34.774,50.565],[34.728,50.569],[34.712,50.519],[34.585,50.47],[34.577,50.449],[34.513,50.45],[34.462,50.387],[34.391,50.367],[34.377,50.359],[34.4,50.318],[34.456,50.287],[34.508,50.285],[34.526,50.243],[34.571,50.227],[34.523,50.177],[34.527,50.154],[34.575,50.121],[34.698,50.111],[34.701,50.15],[34.74,50.145],[34.854,50.162],[34.94,50.152],[34.973,50.158],[34.962,50.185],[35.033,50.18],[35.148,50.242],[35.193,50.228],[35.26,50.234],[35.266,50.265],[35.329,50.273],[35.297,50.29],[35.33,50.319],[35.382,50.294],[35.379,50.321],[35.423,50.335],[35.496,50.293],[35.516,50.317],[35.594,50.331],[35.656,50.312],[35.689,50.335],[35.658,50.351],[35.626,50.352],[35.584,50.395],[35.586,50.448],[35.476,50.489],[35.439,50.543]]]},"properties":{"key":"UA59040000000045652","name":"Охтирський район","oblast":"Сумська область"}},{"type":"Feature","geometry":{"type":"Polygon","coordinates":[[[34.014,51.065],[33.967,51.071],[33.969,51.036],[33.894,50.983],[33.759,50.986],[33.704,50.963],[33.66,50.971],[33.676,50.993],[33.64,51.032],[33.583,51.023],[33.555,51.04],[33.512,51.031],[33.508,50.985],[33.452,50.987],[33.419,50.963],[33.28,50.984],[33.2,50.962],[33.211,50.901],[33.17,50.888],[33.185,50.849],[33.154,50.824],[33.19,50.747],[33.24,50.732],[33.136,50.711],[33.147,50.655],[33.104,50.593],[33.05,50.542],[33.065,50.52],[33.119,50.505],[33.179,50.521],[33.222,50.504],[33.242,50.538],[33.285,50.55],[33.319,50.52],[33.374,50.521],[33.375,50.497],[33.419,50.483],[33.495,50.492],[33.532,50.48],[33.581,50.491],[33.787,50.461],[33.846,50.504],[33.812,50.515],[33.893,50.534],[33.914,50.514],[33.955,50.548],[34.032,50.504],[34.103,50.504],[34.22,50.533],[34.246,50.524],[34.227,50.601],[34.081,50.708],[34.178,50.767],[34.16,50.809],[34.182,50.836],[34.17,50.881],[34.13,50.871],[34.094,50.938],[34.048,50.954],[34.086,50.995],[34.047,51.015],[34.014,51.065]]]},"properties":{"key":"UA59060000000086008","name":"Роменський район","oblast":"Сумська область"}},{"type":"Feature","geometry":{"type":"Polygon","coordinates":[[[34.391,50.367],[34.462,50.387],[34.513,50.45],[34.577,50.449],[34.585,50.47],[34.712,50.519],[34.728,50.569],[34.774,50.565],[34.79,50.6],[34.862,50.625],[34.883,50.668],[34.939,50.697],[34.928,50.741],[35.011,50.742],[35.092,50.716],[35.02,50.696],[35.069,50.67],[35.115,50.668],[35.154,50.687],[35.201,50.648],[35.158,50.581],[35.181,50.572],[35.273,50.58],[35.276,50.519],[35.304,50.544],[35.439,50.543],[35.39,50.58],[35.426,50.603],[35.4,50.656],[35.496,50.679],[35.459,50.689],[35.464,50.735],[35.489,50.777],[35.41,50.806],[35.42,50.829],[35.392,50.924],[35.333,50.935],[35.352,50.974],[35.323,51.014],[35.358,51.005],[35.409,51.027],[35.375,51.067],[35.304,51.079],[35.214,51.046],[35.156,51.091],[35.168,51.126],[35.123,51.165],[35.15,51.223],[35.073,51.233],[35.039,51.204],[35.012,51.231],[34.95,51.226],[34.898,51.193],[34.862,51.199],[34.818,51.169],[34.785,51.185],[34.717,51.171],[34.669,51.198],[34.663,51.247],[34.603,51.254],[34.58,51.234],[34.541,51.253],[34.484,51.245],[34.384,51.274],[34.306,51.238],[34.23,51.265],[34.161,51.244],[34.148,51.197],[34.119,51.179],[34.069,51.091],[34.014,51.065],[34.047,51.015],[34.086,50.995],[34.048,50.954],[34.094,50.938],[34.13,50.871],[34.17,50.881],[34.182,50.836],[34.16,50.809],[34.178,50.767],[34.081,50.708],[34.227,50.601],[34.246,50.524],[34.252,50.441],[34.288,50.413],[34.391,50.367]]]},"properties":{"key":"UA59080000000057897","name":"Сумський район","oblast":"Сумська область"}},{"type":"Feature","geometry":{"type":"Polygon","coordinates":[[[33.164,51.679],[33.199,51.683],[33.226,51.654],[33.302,51.68],[33.341,51.681],[33.405,51.718],[33.497,51.711],[33.579,51.662],[33.605,51.671],[33.642,51.644],[33.737,51.611],[33.722,51.583],[33.785,51.514],[33.835,51.513],[33.86,51.486],[33.897,51.497],[33.871,51.444],[33.954,51.481],[34.001,51.478],[33.992,51.532],[34.064,51.527],[34.132,51.5],[34.175,51.527],[34.2,51.49],[34.254,51.501],[34.291,51.487],[34.296,51.533],[34.26,51.533],[34.237,51.585],[34.182,51.597],[34.167,51.646],[34.13,51.643],[34.115,51.684],[34.212,51.703],[34.291,51.705],[34.309,51.72],[34.363,51.712],[34.423,51.722],[34.436,51.765],[34.409,51.782],[34.415,51.826],[34.304,51.887],[34.263,51.878],[34.19,51.969],[34.143,51.968],[34.14,52],[34.098,52.004],[34.081,52.07],[34.086,52.109],[34.117,52.141],[34.055,52.172],[34.053,52.201],[33.938,52.25],[33.945,52.283],[33.911,52.309],[33.839,52.32],[33.836,52.361],[33.785,52.367],[33.604,52.333],[33.56,52.302],[33.479,52.316],[33.518,52.355],[33.455,52.365],[33.429,52.346],[33.389,52.313],[33.366,52.232],[33.312,52.189],[33.339,52.147],[33.417,52.123],[33.453,52.089],[33.5,52.088],[33.5,52.038],[33.429,52.026],[33.402,52.051],[33.304,52.013],[33.396,51.96],[33.355,51.931],[33.297,51.935],[33.124,51.865],[33.147,51.816],[33.122,51.811],[33.094,51.76],[33.171,51.699],[33.164,51.679]]]},"properties":{"key":"UA59100000000036457","name":"Шосткинський район","oblast":"Сумська область"}},{"type":"Feature","geometry":{"type":"Polygon","coordinates":[[[25.427,49.937],[25.42,49.915],[25.462,49.886],[25.476,49.824],[25.508,49.815],[25.542,49.775],[25.676,49.849],[25.724,49.802],[25.783,49.814],[25.904,49.802],[25.875,49.774],[25.873,49.728],[25.946,49.714],[26.083,49.723],[26.191,49.714],[26.244,49.745],[26.217,49.81],[26.185,49.846],[26.201,49.866],[26.133,49.898],[26.166,49.922],[26.142,49.972],[26.202,49.993],[26.216,50.036],[26.199,50.098],[26.272,50.102],[26.211,50.152],[26.22,50.18],[26.179,50.197],[26.212,50.23],[26.216,50.264],[26.166,50.231],[26.113,50.242],[26.065,50.257],[26.02,50.23],[25.963,50.256],[25.923,50.248],[25.857,50.191],[25.822,50.181],[25.684,50.177],[25.625,50.152],[25.576,50.176],[25.554,50.15],[25.476,50.166],[25.448,50.124],[25.489,50.102],[25.454,50.094],[25.431,50.053],[25.364,50.046],[25.347,50.004],[25.403,49.986],[25.427,49.937]]]},"properties":{"key":"UA61020000000016944","name":"Кременецький район","oblast":"Тернопільська область"}},{"type":"Feature","geometry":{"type":"Polygon","coordinates":[[[24.887,49.198],[24.935,49.173],[24.99,49.182],[25.084,49.173],[25.255,49.185],[25.295,49.215],[25.4,49.186],[25.426,49.214],[25.481,49.207],[25.523,49.184],[25.506,49.16],[25.546,49.133],[25.624,49.131],[25.665,49.149],[25.636,49.178],[25.743,49.175],[25.764,49.136],[25.811,49.16],[25.854,49.203],[25.829,49.211],[25.856,49.277],[25.94,49.298],[25.898,49.318],[25.896,49.37],[25.979,49.361],[26.126,49.369],[26.127,49.383],[26.224,49.375],[26.235,49.401],[26.193,49.43],[26.188,49.481],[26.144,49.513],[26.176,49.549],[26.219,49.551],[26.202,49.602],[26.269,49.669],[26.191,49.714],[26.083,49.723],[25.946,49.714],[25.873,49.728],[25.875,49.774],[25.904,49.802],[25.783,49.814],[25.724,49.802],[25.676,49.849],[25.542,49.775],[25.508,49.815],[25.476,49.824],[25.462,49.886],[25.42,49.915],[25.427,49.937],[25.389,49.934],[25.375,49.868],[25.299,49.854],[25.288,49.828],[25.183,49.837],[25.137,49.815],[25.084,49.828],[25.087,49.778],[25.115,49.746],[25.067,49.712],[25.022,49.735],[24.997,49.697],[24.983,49.637],[24.943,49.609],[24.846,49.601],[24.792,49.573],[24.721,49.57],[24.716,49.496],[24.771,49.431],[24.776,49.378],[24.829,49.385],[24.859,49.347],[24.836,49.341],[24.828,49.285],[24.843,49.263],[24.934,49.23],[24.887,49.198]]]},"properties":{"key":"UA61040000000090285","name":"Тернопільський район","oblast":"Тернопільська область"}},{"type":"Feature","geometry":{"type":"Polygon","coordinates":[[[26.444,48.538],[26.336,48.569],[26.317,48.638],[26.247,48.668],[26.223,48.751],[26.233,48.82],[26.196,48.904],[26.212,48.983],[26.176,48.995],[26.215,49.011],[26.183,49.057],[26.204,49.097],[26.19,49.158],[26.209,49.167],[26.184,49.198],[26.207,49.246],[26.258,49.263],[26.252,49.309],[26.226,49.327],[26.245,49.369],[26.224,49.375],[26.127,49.383],[26.126,49.369],[25.979,49.361],[25.896,49.37],[25.898,49.318],[25.94,49.298],[25.856,49.277],[25.829,49.211],[25.854,49.203],[25.811,49.16],[25.764,49.136],[25.743,49.175],[25.636,49.178],[25.665,49.149],[25.624,49.131],[25.546,49.133],[25.506,49.16],[25.523,49.184],[25.481,49.207],[25.426,49.214],[25.4,49.186],[25.295,49.215],[25.255,49.185],[25.084,49.173],[24.99,49.182],[24.935,49.173],[24.887,49.198],[24.856,49.178],[24.9,49.129],[24.985,49.116],[24.991,49.071],[24.916,49.083],[24.905,49.05],[24.97,49.011],[25.017,49.011],[25.087,48.984],[25.145,48.94],[25.121,48.928],[25.136,48.872],[25.172,48.872],[25.171,48.898],[25.234,48.932],[25.236,48.865],[25.283,48.863],[25.325,48.838],[25.367,48.859],[25.45,48.838],[25.51,48.805],[25.561,48.796],[25.636,48.751],[25.61,48.725],[25.653,48.705],[25.639,48.67],[25.708,48.664],[25.74,48.633],[25.758,48.664],[25.802,48.67],[25.856,48.616],[25.848,48.599],[25.914,48.587],[25.969,48.618],[26.022,48.611],[26.058,48.644],[26.065,48.605],[26.044,48.585],[26.089,48.54],[26.117,48.545],[26.096,48.6],[26.124,48.617],[26.145,48.598],[26.147,48.545],[26.2,48.526],[26.268,48.54],[26.294,48.514],[26.355,48.507],[26.384,48.53],[26.444,48.538]]]},"properties":{"key":"UA61060000000068766","name":"Чортківський район","oblast":"Тернопільська область"}},{"type":"Feature","geometry":{"type":"Polygon","coordinates":[[[35.658,50.351],[35.689,50.335],[35.656,50.312],[35.594,50.331],[35.516,50.317],[35.496,50.293],[35.423,50.335],[35.379,50.321],[35.382,50.294],[35.33,50.319],[35.297,50.29],[35.329,50.273],[35.266,50.265],[35.26,50.234],[35.193,50.228],[35.148,50.242],[35.033,50.18],[34.962,50.185],[34.973,50.158],[34.94,50.152],[34.937,50.096],[34.964,50.074],[34.856,49.987],[34.893,49.932],[34.945,49.899],[35.119,49.851],[35.14,49.86],[35.219,49.83],[35.208,49.747],[35.259,49.733],[35.244,49.694],[35.33,49.682],[35.345,49.665],[35.433,49.673],[35.483,49.672],[35.572,49.646],[35.618,49.657],[35.622,49.691],[35.699,49.706],[35.655,49.752],[35.708,49.775],[35.702,49.824],[35.767,49.834],[35.813,49.812],[35.838,49.831],[35.824,49.859],[35.866,49.877],[35.875,49.913],[35.787,49.949],[35.814,49.971],[35.794,50.035],[35.831,50.063],[35.815,50.11],[35.845,50.114],[35.856,50.084],[35.889,50.08],[35.943,50.109],[35.995,50.109],[36.036,50.181],[36.073,50.179],[36.037,50.212],[36.093,50.225],[36.176,50.288],[36.172,50.346],[36.11,50.367],[36.177,50.402],[36.161,50.432],[36.068,50.451],[35.873,50.423],[35.832,50.434],[35.802,50.397],[35.738,50.355],[35.658,50.351]]]},"properties":{"key":"UA63020000000066931","name":"Богодухівський район","oblast":"Харківська область"}},{"type":"Feature","geometry":{"type":"Polygon","coordinates":[[[36.982,49.65],[36.934,49.632],[36.92,49.6],[36.853,49.607],[36.856,49.637],[36.801,49.636],[36.799,49.619],[36.702,49.588],[36.7,49.57],[36.622,49.589],[36.566,49.545],[36.527,49.551],[36.5,49.524],[36.449,49.535],[36.44,49.51],[36.517,49.504],[36.512,49.465],[36.463,49.47],[36.482,49.454],[36.45,49.389],[36.553,49.355],[36.552,49.327],[36.614,49.296],[36.61,49.274],[36.561,49.268],[36.646,49.226],[36.655,49.195],[36.638,49.151],[36.592,49.103],[36.63,49.08],[36.644,49.018],[36.72,49.032],[36.752,49.011],[36.809,48.909],[36.755,48.886],[36.728,48.857],[36.682,48.85],[36.688,48.816],[36.721,48.806],[36.791,48.802],[36.789,48.781],[36.839,48.773],[36.854,48.8],[36.975,48.79],[37.036,48.746],[37.043,48.766],[36.995,48.787],[37.024,48.818],[37.078,48.818],[37.099,48.851],[37.192,48.815],[37.19,48.869],[37.224,48.909],[37.328,48.922],[37.295,48.97],[37.344,49.003],[37.373,48.996],[37.385,49.048],[37.506,49.07],[37.486,49.1],[37.585,49.126],[37.541,49.146],[37.553,49.167],[37.513,49.199],[37.568,49.231],[37.614,49.233],[37.798,49.202],[37.844,49.201],[37.875,49.234],[37.899,49.27],[37.958,49.285],[37.949,49.304],[37.883,49.313],[37.896,49.403],[37.876,49.447],[37.844,49.445],[37.844,49.503],[37.803,49.492],[37.715,49.517],[37.595,49.436],[37.522,49.451],[37.519,49.467],[37.455,49.485],[37.409,49.521],[37.379,49.517],[37.373,49.55],[37.296,49.524],[37.24,49.54],[37.173,49.542],[37.166,49.594],[37.107,49.582],[37.048,49.634],[37.007,49.62],[36.982,49.65]]]},"properties":{"key":"UA63040000000023521","name":"Ізюмський район","oblast":"Харківська область"}},{"type":"Feature","geometry":{"type":"Polygon","coordinates":[[[35.018,49.151],[35.049,49.176],[35.076,49.149],[35.187,49.163],[35.228,49.127],[35.19,49.111],[35.259,49.112],[35.4,49.019],[35.439,49.011],[35.486,48.973],[35.578,48.975],[35.596,48.987],[35.815,48.929],[35.884,48.975],[35.917,48.969],[35.94,48.999],[35.973,49.005],[36.034,48.98],[36.085,49.028],[36.158,49.068],[36.197,49.072],[36.272,49.104],[36.255,49.127],[36.166,49.11],[36.162,49.198],[36.137,49.196],[36.13,49.252],[36.062,49.256],[36.067,49.289],[36.03,49.311],[36.041,49.347],[36.01,49.356],[35.986,49.401],[35.997,49.456],[35.985,49.504],[36.078,49.505],[36.082,49.517],[36.081,49.57],[36.121,49.588],[36.066,49.616],[35.966,49.633],[35.866,49.582],[35.834,49.641],[35.769,49.617],[35.713,49.652],[35.745,49.697],[35.699,49.706],[35.622,49.691],[35.618,49.657],[35.572,49.646],[35.483,49.672],[35.433,49.673],[35.486,49.572],[35.41,49.562],[35.429,49.527],[35.485,49.517],[35.481,49.484],[35.332,49.505],[35.316,49.455],[35.364,49.447],[35.348,49.405],[35.375,49.398],[35.279,49.318],[35.272,49.277],[35.242,49.297],[35.091,49.301],[35.037,49.332],[34.98,49.25],[35.018,49.151]]]},"properties":{"key":"UA63060000000053698","name":"Берестинський район","oblast":"Харківська область"}},{"type":"Feature","geometry":{"type":"Polygon","coordinates":[[[38.033,49.9],[38.044,49.933],[38.005,49.967],[37.965,49.979],[37.925,50.035],[37.798,50.084],[37.755,50.079],[37.639,50.179],[37.615,50.216],[37.635,50.312],[37.535,50.334],[37.529,50.317],[37.42,50.29],[37.425,50.254],[37.368,50.222],[37.379,50.192],[37.319,50.181],[37.304,50.136],[37.244,50.108],[37.197,50.126],[37.152,50.094],[37.169,50.067],[37.153,49.99],[37.176,49.981],[37.135,49.947],[37.177,49.942],[37.189,49.839],[37.149,49.826],[37.067,49.772],[37.023,49.804],[36.965,49.773],[36.998,49.715],[37.025,49.712],[36.968,49.661],[36.982,49.65],[37.007,49.62],[37.048,49.634],[37.107,49.582],[37.166,49.594],[37.173,49.542],[37.24,49.54],[37.296,49.524],[37.373,49.55],[37.379,49.517],[37.409,49.521],[37.455,49.485],[37.519,49.467],[37.522,49.451],[37.595,49.436],[37.715,49.517],[37.803,49.492],[37.844,49.503],[37.927,49.548],[37.886,49.549],[37.901,49.574],[37.952,49.569],[37.944,49.611],[37.975,49.612],[37.996,49.648],[38.046,49.658],[37.951,49.731],[38.053,49.783],[38.01,49.813],[38.019,49.837],[38.093,49.846],[38.033,49.9]]]},"properties":{"key":"UA63080000000032022","name":"Куп’янський район","oblast":"Харківська область"}},{"type":"Feature","geometry":{"type":"Polygon","coordinates":[[[36.082,49.517],[36.078,49.505],[35.985,49.504],[35.997,49.456],[35.986,49.401],[36.01,49.356],[36.041,49.347],[36.03,49.311],[36.067,49.289],[36.062,49.256],[36.13,49.252],[36.137,49.196],[36.162,49.198],[36.166,49.11],[36.255,49.127],[36.272,49.104],[36.197,49.072],[36.158,49.068],[36.085,49.028],[36.034,48.98],[35.973,49.005],[35.94,48.999],[35.99,48.969],[35.996,48.939],[36.044,48.915],[36.012,48.888],[36.019,48.855],[36.076,48.833],[36.065,48.808],[36.129,48.806],[36.159,48.784],[36.143,48.724],[36.281,48.661],[36.251,48.621],[36.319,48.587],[36.271,48.544],[36.296,48.531],[36.324,48.556],[36.355,48.532],[36.381,48.57],[36.483,48.664],[36.591,48.603],[36.672,48.625],[36.739,48.626],[36.712,48.693],[36.736,48.704],[36.709,48.767],[36.721,48.806],[36.688,48.816],[36.682,48.85],[36.728,48.857],[36.755,48.886],[36.809,48.909],[36.752,49.011],[36.72,49.032],[36.644,49.018],[36.63,49.08],[36.592,49.103],[36.638,49.151],[36.655,49.195],[36.646,49.226],[36.561,49.268],[36.61,49.274],[36.614,49.296],[36.552,49.327],[36.553,49.355],[36.45,49.389],[36.482,49.454],[36.463,49.47],[36.383,49.469],[36.383,49.507],[36.261,49.541],[36.24,49.502],[36.134,49.539],[36.132,49.517],[36.082,49.517]]]},"properties":{"key":"UA63100000000059237","name":"Лозівський район","oblast":"Харківська область"}},{"type":"Feature","geometry":{"type":"Polygon","coordinates":[[[36.066,49.616],[36.039,49.674],[36.073,49.672],[36.068,49.701],[36,49.712],[35.987,49.762],[36.055,49.756],[36.093,49.769],[36.151,49.761],[36.129,49.806],[36.17,49.826],[36.205,49.815],[36.305,49.825],[36.339,49.791],[36.424,49.799],[36.409,49.814],[36.433,49.869],[36.533,49.886],[36.539,49.91],[36.602,49.921],[36.648,49.971],[36.646,50.006],[36.567,50.035],[36.549,50.081],[36.592,50.102],[36.653,50.102],[36.691,50.127],[36.669,50.148],[36.705,50.196],[36.663,50.222],[36.595,50.23],[36.561,50.251],[36.593,50.278],[36.524,50.287],[36.488,50.312],[36.44,50.311],[36.433,50.331],[36.364,50.287],[36.296,50.292],[36.284,50.336],[36.177,50.402],[36.11,50.367],[36.172,50.346],[36.176,50.288],[36.093,50.225],[36.037,50.212],[36.073,50.179],[36.036,50.181],[35.995,50.109],[35.943,50.109],[35.889,50.08],[35.856,50.084],[35.845,50.114],[35.815,50.11],[35.831,50.063],[35.794,50.035],[35.814,49.971],[35.787,49.949],[35.875,49.913],[35.866,49.877],[35.824,49.859],[35.838,49.831],[35.813,49.812],[35.767,49.834],[35.702,49.824],[35.708,49.775],[35.655,49.752],[35.699,49.706],[35.745,49.697],[35.713,49.652],[35.769,49.617],[35.834,49.641],[35.866,49.582],[35.966,49.633],[36.066,49.616]]]},"properties":{"key":"UA63120000000091135","name":"Харківський район","oblast":"Харківська область"}},{"type":"Feature","geometry":{"type":"Polygon","coordinates":[[[36.982,49.65],[36.968,49.661],[37.025,49.712],[36.998,49.715],[36.965,49.773],[37.023,49.804],[37.067,49.772],[37.149,49.826],[37.189,49.839],[37.177,49.942],[37.135,49.947],[37.176,49.981],[37.153,49.99],[37.169,50.067],[37.152,50.094],[37.197,50.126],[37.244,50.108],[37.304,50.136],[37.319,50.181],[37.379,50.192],[37.368,50.222],[37.425,50.254],[37.42,50.29],[37.529,50.317],[37.535,50.334],[37.467,50.38],[37.465,50.431],[37.491,50.457],[37.397,50.431],[37.333,50.437],[37.292,50.401],[37.179,50.362],[37.105,50.352],[36.938,50.35],[36.87,50.336],[36.833,50.313],[36.689,50.267],[36.663,50.222],[36.705,50.196],[36.669,50.148],[36.691,50.127],[36.653,50.102],[36.592,50.102],[36.549,50.081],[36.567,50.035],[36.646,50.006],[36.648,49.971],[36.602,49.921],[36.539,49.91],[36.533,49.886],[36.433,49.869],[36.409,49.814],[36.424,49.799],[36.339,49.791],[36.305,49.825],[36.205,49.815],[36.17,49.826],[36.129,49.806],[36.151,49.761],[36.093,49.769],[36.055,49.756],[35.987,49.762],[36,49.712],[36.068,49.701],[36.073,49.672],[36.039,49.674],[36.066,49.616],[36.121,49.588],[36.081,49.57],[36.082,49.517],[36.132,49.517],[36.134,49.539],[36.24,49.502],[36.261,49.541],[36.383,49.507],[36.383,49.469],[36.463,49.47],[36.512,49.465],[36.517,49.504],[36.44,49.51],[36.449,49.535],[36.5,49.524],[36.527,49.551],[36.566,49.545],[36.622,49.589],[36.7,49.57],[36.702,49.588],[36.799,49.619],[36.801,49.636],[36.856,49.637],[36.853,49.607],[36.92,49.6],[36.934,49.632],[36.982,49.65]]]},"properties":{"key":"UA63140000000096278","name":"Чугуївський район","oblast":"Харківська область"}},{"type":"Feature","geometry":{"type":"Polygon","coordinates":[[[33.093,47.579],[33.095,47.528],[33.141,47.545],[33.123,47.508],[33.138,47.42],[33.072,47.412],[33.071,47.475],[33.029,47.421],[33.039,47.38],[33.117,47.389],[33.137,47.334],[33.103,47.322],[33.105,47.28],[33.184,47.238],[33.127,47.231],[33.117,47.204],[33.074,47.223],[33.067,47.201],[33.016,47.18],[32.961,47.19],[32.907,47.121],[32.928,47.082],[33.027,47.04],[33.073,47.062],[33.103,47.1],[33.105,47.137],[33.156,47.117],[33.093,47.039],[33.022,46.973],[33.052,46.96],[33.064,46.908],[33.006,46.903],[33.015,46.865],[32.977,46.86],[32.985,46.832],[33.022,46.836],[33.046,46.742],[33.098,46.767],[33.139,46.783],[33.281,46.754],[33.318,46.753],[33.319,46.818],[33.297,46.843],[33.34,46.848],[33.414,46.807],[33.467,46.831],[33.59,46.84],[33.619,46.912],[33.678,46.999],[33.719,47.041],[33.78,47.074],[33.829,47.148],[33.935,47.223],[34.013,47.342],[34.017,47.46],[33.957,47.458],[33.94,47.516],[33.644,47.485],[33.636,47.514],[33.588,47.502],[33.58,47.6],[33.474,47.587],[33.486,47.544],[33.323,47.524],[33.349,47.494],[33.314,47.483],[33.279,47.52],[33.288,47.542],[33.215,47.534],[33.234,47.577],[33.176,47.568],[33.093,47.579]]]},"properties":{"key":"UA65020000000032929","name":"Бериславський район","oblast":"Херсонська область"}},{"type":"Feature","geometry":{"type":"MultiPolygon","coordinates":[[[[35.278,46.265],[35.275,46.265],[35.227,46.225],[35.213,46.188],[35.138,46.162],[35.042,46.149],[34.99,46.104],[34.983,46.077],[35.123,46.115],[35.172,46.14],[35.21,46.178],[35.278,46.265]]],[[[35.102,46.302],[35.072,46.3],[35.057,46.375],[35.07,46.379],[35.055,46.482],[35.021,46.479],[34.948,46.503],[34.89,46.507],[34.891,46.563],[34.757,46.549],[34.748,46.584],[34.723,46.581],[34.713,46.62],[34.756,46.627],[34.746,46.683],[34.684,46.677],[34.632,46.688],[34.625,46.724],[34.659,46.74],[34.735,46.747],[34.768,46.781],[34.758,46.823],[34.817,46.828],[34.805,46.883],[34.753,46.88],[34.736,46.961],[34.685,46.956],[34.681,46.979],[34.624,46.973],[34.592,47.027],[34.567,47.024],[34.553,47.106],[34.52,47.105],[34.402,47.101],[34.408,47.079],[34.349,47.05],[34.324,47.016],[34.182,46.889],[34.198,46.811],[34.111,46.802],[34.108,46.818],[34.034,46.81],[34.024,46.793],[34.05,46.667],[34.064,46.65],[33.988,46.64],[33.972,46.621],[33.99,46.536],[34.077,46.544],[34.109,46.525],[34.129,46.432],[33.962,46.416],[33.972,46.371],[33.972,46.141],[34.053,46.109],[34.069,46.116],[34.117,46.107],[34.188,46.066],[34.248,46.053],[34.32,46.068],[34.405,46.009],[34.443,45.962],[34.499,45.943],[34.561,45.994],[34.606,45.993],[34.67,45.968],[34.755,45.909],[34.802,45.901],[34.799,45.81],[34.864,45.794],[34.96,45.757],[34.967,45.759],[34.975,45.762],[34.875,45.937],[34.851,46.003],[34.83,46.119],[34.81,46.16],[34.84,46.209],[34.899,46.241],[35.035,46.261],[35.102,46.302]]]]},"properties":{"key":"UA65040000000088940","name":"Генічеський район","oblast":"Херсонська область"}},{"type":"Feature","geometry":{"type":"Polygon","coordinates":[[[33.633,46.228],[33.736,46.186],[33.811,46.204],[33.849,46.2],[33.972,46.141],[33.972,46.371],[33.962,46.416],[34.129,46.432],[34.109,46.525],[34.077,46.544],[33.99,46.536],[33.972,46.621],[33.988,46.64],[34.064,46.65],[34.05,46.667],[34.024,46.793],[34.034,46.81],[34.108,46.818],[34.111,46.802],[34.198,46.811],[34.182,46.889],[34.324,47.016],[34.349,47.05],[34.408,47.079],[34.402,47.101],[34.52,47.105],[34.517,47.119],[34.491,47.247],[34.53,47.251],[34.518,47.284],[34.488,47.28],[34.479,47.315],[34.512,47.335],[34.414,47.323],[34.401,47.287],[34.33,47.29],[34.293,47.274],[34.272,47.361],[34.261,47.36],[34.243,47.434],[34.213,47.455],[34.139,47.477],[34.115,47.475],[34.017,47.46],[34.013,47.342],[33.935,47.223],[33.829,47.148],[33.78,47.074],[33.719,47.041],[33.678,46.999],[33.619,46.912],[33.59,46.84],[33.467,46.831],[33.414,46.807],[33.34,46.848],[33.297,46.843],[33.319,46.818],[33.318,46.753],[33.281,46.754],[33.139,46.783],[33.098,46.767],[33.129,46.755],[33.182,46.698],[33.13,46.687],[33.107,46.655],[33.165,46.633],[33.166,46.667],[33.277,46.662],[33.294,46.598],[33.413,46.613],[33.436,46.512],[33.254,46.487],[33.267,46.424],[33.214,46.418],[33.234,46.383],[33.356,46.395],[33.366,46.349],[33.449,46.358],[33.467,46.291],[33.54,46.299],[33.537,46.319],[33.598,46.326],[33.633,46.228]]]},"properties":{"key":"UA65060000000061947","name":"Каховський район","oblast":"Херсонська область"}},{"type":"Feature","geometry":{"type":"Polygon","coordinates":[[[31.805,46.356],[31.804,46.332],[31.764,46.32],[31.688,46.259],[31.628,46.245],[31.555,46.276],[31.533,46.317],[31.534,46.369],[31.515,46.321],[31.55,46.275],[31.622,46.239],[31.848,46.197],[32.078,46.165],[32.498,46.073],[32.612,46.059],[32.735,46.034],[32.873,46.015],[33.036,46.007],[33.079,46.012],[33.036,46.027],[32.903,46.039],[32.863,46.061],[32.797,46.032],[32.762,46.031],[32.54,46.075],[32.599,46.098],[32.735,46.108],[32.768,46.123],[32.823,46.111],[32.935,46.106],[33.03,46.111],[33.016,46.151],[33.067,46.154],[33.135,46.124],[33.184,46.156],[33.186,46.193],[33.251,46.138],[33.306,46.122],[33.308,46.075],[33.329,46.114],[33.414,46.035],[33.491,46.053],[33.503,46.079],[33.561,46.076],[33.509,46.117],[33.546,46.125],[33.585,46.159],[33.615,46.135],[33.636,46.146],[33.615,46.226],[33.633,46.228],[33.598,46.326],[33.537,46.319],[33.54,46.299],[33.467,46.291],[33.449,46.358],[33.366,46.349],[33.356,46.395],[33.234,46.383],[33.013,46.358],[33.028,46.28],[32.903,46.266],[32.899,46.286],[32.858,46.283],[32.828,46.429],[32.791,46.455],[32.782,46.518],[32.712,46.517],[32.657,46.544],[32.617,46.588],[32.571,46.555],[32.469,46.57],[32.323,46.502],[32.281,46.498],[32.191,46.525],[32.13,46.532],[31.927,46.582],[31.848,46.5],[31.804,46.479],[31.805,46.356]]]},"properties":{"key":"UA65080000000090947","name":"Скадовський район","oblast":"Херсонська область"}},{"type":"Feature","geometry":{"type":"Polygon","coordinates":[[[32.545,46.883],[32.531,46.823],[32.469,46.817],[32.463,46.84],[32.365,46.829],[32.373,46.799],[32.342,46.795],[32.227,46.845],[32.252,46.82],[32.21,46.806],[32.219,46.771],[32.172,46.752],[32.057,46.745],[32.087,46.684],[32.02,46.677],[31.989,46.655],[31.93,46.653],[31.927,46.582],[32.13,46.532],[32.191,46.525],[32.281,46.498],[32.323,46.502],[32.469,46.57],[32.571,46.555],[32.617,46.588],[32.657,46.544],[32.712,46.517],[32.782,46.518],[32.791,46.455],[32.828,46.429],[32.858,46.283],[32.899,46.286],[32.903,46.266],[33.028,46.28],[33.013,46.358],[33.234,46.383],[33.214,46.418],[33.267,46.424],[33.254,46.487],[33.436,46.512],[33.413,46.613],[33.294,46.598],[33.277,46.662],[33.166,46.667],[33.165,46.633],[33.107,46.655],[33.13,46.687],[33.182,46.698],[33.129,46.755],[33.098,46.767],[33.046,46.742],[33.022,46.836],[32.985,46.832],[32.977,46.86],[33.015,46.865],[33.006,46.903],[33.064,46.908],[33.052,46.96],[33.022,46.973],[32.95,47.003],[32.934,46.986],[32.95,46.946],[32.98,46.934],[32.922,46.927],[32.925,46.91],[32.841,46.9],[32.856,46.877],[32.915,46.883],[32.949,46.858],[32.698,46.824],[32.688,46.862],[32.585,46.856],[32.545,46.883]]]},"properties":{"key":"UA65100000000029736","name":"Херсонський район","oblast":"Херсонська область"}},{"type":"Feature","geometry":{"type":"Polygon","coordinates":[[[27.394,48.928],[27.319,48.935],[27.292,48.91],[27.187,48.931],[27.182,48.949],[27.127,48.954],[27.096,48.99],[27.018,48.994],[26.934,49.036],[26.825,49.076],[26.678,49.075],[26.655,49.049],[26.678,49.028],[26.619,48.979],[26.544,48.996],[26.561,49.024],[26.443,49.067],[26.42,49.111],[26.443,49.134],[26.379,49.142],[26.326,49.176],[26.297,49.175],[26.26,49.13],[26.209,49.167],[26.19,49.158],[26.204,49.097],[26.183,49.057],[26.215,49.011],[26.176,48.995],[26.212,48.983],[26.196,48.904],[26.233,48.82],[26.223,48.751],[26.247,48.668],[26.317,48.638],[26.336,48.569],[26.444,48.538],[26.486,48.546],[26.557,48.457],[26.602,48.451],[26.625,48.47],[26.607,48.502],[26.697,48.486],[26.714,48.497],[26.661,48.56],[26.719,48.531],[26.749,48.579],[26.764,48.548],[26.794,48.571],[26.779,48.59],[26.82,48.609],[26.821,48.581],[26.866,48.545],[26.93,48.578],[26.987,48.591],[26.997,48.573],[27.107,48.558],[27.17,48.583],[27.232,48.567],[27.26,48.583],[27.257,48.623],[27.334,48.604],[27.372,48.629],[27.414,48.703],[27.417,48.74],[27.39,48.765],[27.427,48.794],[27.412,48.81],[27.405,48.889],[27.394,48.928]]]},"properties":{"key":"UA68020000000016021","name":"Кам’янець-Подільський район","oblast":"Хмельницька область"}},{"type":"Feature","geometry":{"type":"Polygon","coordinates":[[[27.549,49.908],[27.479,49.876],[27.447,49.91],[27.383,49.867],[27.363,49.902],[27.324,49.919],[27.264,49.883],[27.198,49.9],[27.212,49.933],[27.153,49.939],[27.135,49.917],[27.095,49.949],[27.042,49.925],[26.982,49.927],[26.935,49.906],[26.914,49.871],[26.77,49.918],[26.749,49.902],[26.637,49.892],[26.665,49.937],[26.614,49.956],[26.602,49.938],[26.5,49.939],[26.51,49.885],[26.356,49.93],[26.311,49.9],[26.319,49.882],[26.201,49.866],[26.185,49.846],[26.217,49.81],[26.244,49.745],[26.191,49.714],[26.269,49.669],[26.202,49.602],[26.219,49.551],[26.176,49.549],[26.144,49.513],[26.188,49.481],[26.193,49.43],[26.235,49.401],[26.224,49.375],[26.245,49.369],[26.226,49.327],[26.252,49.309],[26.258,49.263],[26.207,49.246],[26.184,49.198],[26.209,49.167],[26.26,49.13],[26.297,49.175],[26.326,49.176],[26.379,49.142],[26.443,49.134],[26.42,49.111],[26.443,49.067],[26.561,49.024],[26.544,48.996],[26.619,48.979],[26.678,49.028],[26.655,49.049],[26.678,49.075],[26.825,49.076],[26.934,49.036],[27.018,48.994],[27.096,48.99],[27.127,48.954],[27.182,48.949],[27.187,48.931],[27.292,48.91],[27.319,48.935],[27.394,48.928],[27.418,48.972],[27.382,49.005],[27.435,49.07],[27.502,49.07],[27.482,49.085],[27.508,49.132],[27.578,49.122],[27.603,49.162],[27.64,49.168],[27.698,49.139],[27.741,49.143],[27.776,49.19],[27.856,49.171],[27.898,49.188],[27.887,49.213],[27.849,49.264],[27.858,49.328],[27.813,49.358],[27.812,49.388],[27.85,49.421],[27.805,49.439],[27.75,49.44],[27.764,49.479],[27.74,49.493],[27.742,49.531],[27.794,49.531],[27.758,49.573],[27.812,49.645],[27.766,49.666],[27.763,49.697],[27.812,49.702],[27.818,49.734],[27.78,49.729],[27.752,49.756],[27.704,49.769],[27.727,49.8],[27.668,49.808],[27.622,49.84],[27.625,49.892],[27.549,49.908]]]},"properties":{"key":"UA68040000000086061","name":"Хмельницький район","oblast":"Хмельницька область"}},{"type":"Feature","geometry":{"type":"Polygon","coordinates":[[[26.201,49.866],[26.319,49.882],[26.311,49.9],[26.356,49.93],[26.51,49.885],[26.5,49.939],[26.602,49.938],[26.614,49.956],[26.665,49.937],[26.637,49.892],[26.749,49.902],[26.77,49.918],[26.914,49.871],[26.935,49.906],[26.982,49.927],[27.042,49.925],[27.095,49.949],[27.135,49.917],[27.153,49.939],[27.212,49.933],[27.198,49.9],[27.264,49.883],[27.324,49.919],[27.363,49.902],[27.383,49.867],[27.447,49.91],[27.479,49.876],[27.549,49.908],[27.576,49.948],[27.546,50.012],[27.612,50.006],[27.641,50.036],[27.68,50.034],[27.668,50.078],[27.615,50.086],[27.631,50.146],[27.678,50.161],[27.657,50.193],[27.621,50.17],[27.593,50.216],[27.597,50.259],[27.527,50.225],[27.481,50.257],[27.395,50.288],[27.417,50.307],[27.364,50.332],[27.316,50.332],[27.321,50.368],[27.248,50.393],[27.301,50.493],[27.207,50.532],[27.196,50.562],[27.131,50.561],[27.118,50.595],[27.079,50.584],[27.073,50.551],[27.018,50.559],[26.983,50.523],[26.9,50.546],[26.857,50.509],[26.778,50.502],[26.762,50.47],[26.734,50.477],[26.713,50.417],[26.648,50.365],[26.602,50.368],[26.561,50.317],[26.521,50.305],[26.495,50.267],[26.398,50.266],[26.324,50.231],[26.294,50.188],[26.22,50.18],[26.211,50.152],[26.272,50.102],[26.199,50.098],[26.216,50.036],[26.202,49.993],[26.142,49.972],[26.166,49.922],[26.133,49.898],[26.201,49.866]]]},"properties":{"key":"UA68060000000040570","name":"Шепетівський район","oblast":"Хмельницька область"}},{"type":"Feature","geometry":{"type":"Polygon","coordinates":[[[31.77,48.935],[31.715,48.978],[31.678,48.947],[31.624,48.972],[31.633,49.008],[31.621,49.102],[31.53,49.126],[31.467,49.193],[31.393,49.202],[31.283,49.262],[31.312,49.359],[31.382,49.328],[31.423,49.354],[31.399,49.411],[31.332,49.425],[31.286,49.394],[31.217,49.395],[31.223,49.415],[31.129,49.429],[31.113,49.474],[31.063,49.482],[31.029,49.472],[30.994,49.422],[30.93,49.418],[30.909,49.359],[30.8,49.354],[30.729,49.332],[30.607,49.37],[30.547,49.327],[30.516,49.328],[30.473,49.365],[30.414,49.33],[30.421,49.302],[30.515,49.253],[30.495,49.2],[30.391,49.212],[30.424,49.183],[30.476,49.182],[30.479,49.142],[30.56,49.155],[30.537,49.088],[30.535,49.038],[30.556,49.034],[30.544,48.994],[30.488,48.964],[30.474,48.911],[30.446,48.896],[30.537,48.854],[30.475,48.815],[30.467,48.786],[30.576,48.721],[30.609,48.719],[30.637,48.752],[30.753,48.77],[30.896,48.745],[30.902,48.762],[31.02,48.762],[31.118,48.729],[31.175,48.762],[31.253,48.764],[31.264,48.749],[31.31,48.759],[31.32,48.73],[31.385,48.728],[31.436,48.754],[31.468,48.789],[31.528,48.804],[31.559,48.829],[31.581,48.888],[31.62,48.906],[31.69,48.896],[31.698,48.931],[31.77,48.935]]]},"properties":{"key":"UA71020000000057292","name":"Звенигородський район","oblast":"Черкаська область"}},{"type":"Feature","geometry":{"type":"Polygon","coordinates":[[[32.118,50.228],[32.056,50.188],[32.017,50.206],[31.965,50.152],[31.975,50.125],[31.911,50.101],[31.908,50.061],[31.987,50.052],[31.9,50.019],[31.918,49.961],[31.813,49.966],[31.718,49.853],[31.69,49.697],[31.64,49.651],[31.711,49.631],[31.762,49.634],[31.823,49.573],[31.872,49.551],[31.94,49.55],[32.042,49.484],[32.092,49.477],[32.15,49.444],[32.155,49.415],[32.198,49.392],[32.293,49.398],[32.34,49.383],[32.399,49.335],[32.468,49.328],[32.51,49.408],[32.542,49.383],[32.651,49.357],[32.736,49.352],[32.737,49.372],[32.69,49.385],[32.679,49.426],[32.652,49.435],[32.681,49.5],[32.751,49.524],[32.753,49.579],[32.711,49.606],[32.69,49.66],[32.664,49.681],[32.574,49.703],[32.556,49.774],[32.514,49.774],[32.504,49.805],[32.45,49.796],[32.438,49.821],[32.374,49.874],[32.435,49.888],[32.414,49.903],[32.428,49.96],[32.379,49.981],[32.365,50.034],[32.334,50.058],[32.314,50.039],[32.262,50.083],[32.249,50.113],[32.304,50.12],[32.299,50.142],[32.177,50.165],[32.112,50.213],[32.118,50.228]]]},"properties":{"key":"UA71040000000022553","name":"Золотоніський район","oblast":"Черкаська область"}},{"type":"Feature","geometry":{"type":"Polygon","coordinates":[[[30.576,48.721],[30.467,48.786],[30.475,48.815],[30.537,48.854],[30.446,48.896],[30.474,48.911],[30.488,48.964],[30.544,48.994],[30.556,49.034],[30.535,49.038],[30.537,49.088],[30.56,49.155],[30.479,49.142],[30.476,49.182],[30.424,49.183],[30.391,49.212],[30.495,49.2],[30.515,49.253],[30.421,49.302],[30.398,49.303],[30.376,49.237],[30.367,49.255],[30.19,49.275],[30.2,49.328],[30.149,49.327],[30.088,49.286],[30.078,49.322],[30.026,49.334],[30.007,49.315],[29.944,49.302],[29.954,49.25],[29.932,49.249],[29.883,49.186],[29.76,49.18],[29.728,49.208],[29.737,49.228],[29.704,49.225],[29.726,49.203],[29.71,49.155],[29.734,49.123],[29.651,49.097],[29.629,49.051],[29.606,49.057],[29.639,49.012],[29.685,49.027],[29.696,49.001],[29.652,48.96],[29.652,48.937],[29.736,48.908],[29.732,48.855],[29.762,48.847],[29.766,48.786],[29.867,48.763],[29.884,48.737],[29.856,48.714],[29.993,48.631],[29.951,48.609],[29.956,48.584],[30.006,48.573],[30.02,48.539],[30.001,48.492],[29.968,48.472],[30.05,48.483],[30.121,48.454],[30.163,48.504],[30.22,48.48],[30.255,48.505],[30.386,48.527],[30.403,48.574],[30.453,48.583],[30.474,48.567],[30.567,48.567],[30.571,48.606],[30.529,48.628],[30.552,48.654],[30.599,48.663],[30.611,48.698],[30.576,48.721]]]},"properties":{"key":"UA71060000000030325","name":"Уманський район","oblast":"Черкаська область"}},{"type":"Feature","geometry":{"type":"Polygon","coordinates":[[[32.468,49.328],[32.399,49.335],[32.34,49.383],[32.293,49.398],[32.198,49.392],[32.155,49.415],[32.15,49.444],[32.092,49.477],[32.042,49.484],[31.94,49.55],[31.872,49.551],[31.823,49.573],[31.762,49.634],[31.711,49.631],[31.64,49.651],[31.69,49.697],[31.718,49.853],[31.615,49.857],[31.613,49.906],[31.581,49.907],[31.514,49.847],[31.445,49.877],[31.424,49.917],[31.445,49.976],[31.383,49.993],[31.289,49.977],[31.288,49.955],[31.312,49.964],[31.38,49.907],[31.31,49.892],[31.261,49.858],[31.208,49.852],[31.221,49.832],[31.19,49.79],[31.217,49.777],[31.222,49.733],[31.202,49.675],[31.155,49.629],[31.129,49.584],[31.154,49.555],[31.097,49.543],[31.095,49.498],[31.063,49.482],[31.113,49.474],[31.129,49.429],[31.223,49.415],[31.217,49.395],[31.286,49.394],[31.332,49.425],[31.399,49.411],[31.423,49.354],[31.382,49.328],[31.312,49.359],[31.283,49.262],[31.393,49.202],[31.467,49.193],[31.53,49.126],[31.621,49.102],[31.633,49.008],[31.624,48.972],[31.678,48.947],[31.715,48.978],[31.77,48.935],[31.805,48.95],[31.918,48.906],[31.912,48.887],[32.027,48.931],[32.087,48.905],[32.146,48.912],[32.135,48.966],[32.218,48.987],[32.238,49.062],[32.26,49.078],[32.349,49.079],[32.374,49.036],[32.417,49.028],[32.443,49.053],[32.476,49.006],[32.498,49.012],[32.522,48.939],[32.676,48.96],[32.67,48.981],[32.733,48.965],[32.874,48.992],[32.838,49.016],[32.829,49.075],[32.896,49.095],[32.89,49.127],[32.782,49.141],[32.758,49.169],[32.859,49.245],[32.766,49.233],[32.733,49.254],[32.607,49.255],[32.598,49.275],[32.468,49.328]]]},"properties":{"key":"UA71080000000036344","name":"Черкаський район","oblast":"Черкаська область"}},{"type":"Feature","geometry":{"type":"Polygon","coordinates":[[[25.083,48.16],[25.04,48.114],[24.992,48.12],[24.995,48.088],[24.912,48.027],[24.926,47.938],[24.945,47.899],[24.996,47.858],[24.945,47.791],[24.923,47.727],[25.006,47.734],[25.04,47.725],[25.116,47.755],[25.222,47.859],[25.237,47.896],[25.311,47.914],[25.443,47.926],[25.347,47.979],[25.366,48.009],[25.326,48.039],[25.378,48.082],[25.367,48.1],[25.411,48.123],[25.468,48.117],[25.465,48.189],[25.479,48.25],[25.519,48.265],[25.597,48.254],[25.613,48.298],[25.652,48.314],[25.66,48.359],[25.622,48.379],[25.573,48.378],[25.519,48.398],[25.437,48.401],[25.379,48.391],[25.308,48.359],[25.181,48.247],[25.108,48.223],[25.14,48.195],[25.098,48.186],[25.083,48.16]]]},"properties":{"key":"UA73020000000038148","name":"Вижницький район","oblast":"Чернівецька область"}},{"type":"Feature","geometry":{"type":"Polygon","coordinates":[[[27.372,48.629],[27.334,48.604],[27.257,48.623],[27.26,48.583],[27.232,48.567],[27.17,48.583],[27.107,48.558],[26.997,48.573],[26.987,48.591],[26.93,48.578],[26.866,48.545],[26.821,48.581],[26.82,48.609],[26.779,48.59],[26.794,48.571],[26.764,48.548],[26.749,48.579],[26.719,48.531],[26.661,48.56],[26.714,48.497],[26.697,48.486],[26.607,48.502],[26.625,48.47],[26.602,48.451],[26.557,48.457],[26.486,48.546],[26.444,48.538],[26.384,48.53],[26.355,48.507],[26.294,48.514],[26.268,48.54],[26.2,48.526],[26.147,48.545],[26.145,48.598],[26.124,48.617],[26.096,48.6],[26.117,48.545],[26.095,48.521],[26.104,48.471],[26.162,48.442],[26.225,48.385],[26.21,48.335],[26.245,48.336],[26.263,48.365],[26.319,48.366],[26.358,48.349],[26.392,48.362],[26.464,48.347],[26.516,48.256],[26.524,48.214],[26.573,48.22],[26.573,48.241],[26.622,48.241],[26.616,48.274],[26.696,48.327],[26.695,48.36],[26.735,48.319],[26.758,48.324],[26.795,48.291],[26.831,48.313],[26.824,48.344],[26.765,48.354],[26.709,48.405],[26.754,48.399],[26.775,48.418],[26.871,48.42],[26.895,48.384],[26.995,48.359],[27.046,48.374],[27.014,48.425],[27.085,48.435],[27.124,48.379],[27.192,48.395],[27.236,48.373],[27.287,48.372],[27.32,48.444],[27.374,48.442],[27.384,48.411],[27.447,48.409],[27.465,48.447],[27.534,48.47],[27.479,48.507],[27.482,48.537],[27.457,48.59],[27.372,48.629]]]},"properties":{"key":"UA73040000000031528","name":"Дністровський район","oblast":"Чернівецька область"}},{"type":"Feature","geometry":{"type":"Polygon","coordinates":[[[25.443,47.926],[25.592,47.938],[25.626,47.949],[25.775,47.939],[25.861,47.97],[25.952,47.971],[26.061,47.988],[26.101,47.978],[26.184,47.995],[26.214,48.053],[26.273,48.082],[26.298,48.134],[26.334,48.159],[26.334,48.185],[26.386,48.187],[26.492,48.218],[26.524,48.214],[26.516,48.256],[26.464,48.347],[26.392,48.362],[26.358,48.349],[26.319,48.366],[26.263,48.365],[26.245,48.336],[26.21,48.335],[26.225,48.385],[26.162,48.442],[26.104,48.471],[26.095,48.521],[26.117,48.545],[26.089,48.54],[26.044,48.585],[26.065,48.605],[26.058,48.644],[26.022,48.611],[25.969,48.618],[25.914,48.587],[25.848,48.599],[25.856,48.616],[25.802,48.67],[25.758,48.664],[25.74,48.633],[25.708,48.664],[25.639,48.67],[25.585,48.634],[25.609,48.527],[25.598,48.473],[25.622,48.379],[25.66,48.359],[25.652,48.314],[25.613,48.298],[25.597,48.254],[25.519,48.265],[25.479,48.25],[25.465,48.189],[25.468,48.117],[25.411,48.123],[25.367,48.1],[25.378,48.082],[25.326,48.039],[25.366,48.009],[25.347,47.979],[25.443,47.926]]]},"properties":{"key":"UA73060000000061247","name":"Чернівецький район","oblast":"Чернівецька область"}},{"type":"Feature","geometry":{"type":"Polygon","coordinates":[[[32.723,51.446],[32.738,51.466],[32.688,51.486],[32.622,51.488],[32.609,51.521],[32.655,51.557],[32.741,51.552],[32.784,51.576],[32.831,51.58],[32.811,51.618],[32.719,51.635],[32.686,51.683],[32.702,51.726],[32.767,51.735],[32.714,51.774],[32.684,51.815],[32.73,51.822],[32.711,51.841],[32.866,51.849],[32.847,51.871],[32.735,51.924],[32.664,51.908],[32.63,51.917],[32.627,51.97],[32.516,51.965],[32.513,51.985],[32.466,51.971],[32.374,52.036],[32.372,52.06],[32.278,52.059],[32.222,52.081],[32.147,52.069],[32.096,52.034],[32.024,52.049],[31.917,52.054],[31.954,52.082],[31.858,52.111],[31.817,52.099],[31.81,52.07],[31.774,52.062],[31.797,51.991],[31.759,51.967],[31.796,51.949],[31.806,51.908],[31.706,51.921],[31.662,51.883],[31.694,51.869],[31.667,51.828],[31.636,51.825],[31.652,51.78],[31.779,51.73],[31.809,51.655],[31.805,51.629],[31.858,51.623],[31.882,51.581],[31.846,51.541],[31.85,51.505],[31.822,51.479],[31.825,51.416],[31.857,51.413],[31.891,51.37],[31.998,51.368],[32.118,51.4],[32.23,51.375],[32.23,51.392],[32.312,51.41],[32.386,51.41],[32.433,51.388],[32.499,51.396],[32.612,51.426],[32.623,51.463],[32.689,51.442],[32.723,51.446]]]},"properties":{"key":"UA74020000000089267","name":"Корюківський район","oblast":"Чернігівська область"}},{"type":"Feature","geometry":{"type":"Polygon","coordinates":[[[31.859,50.632],[31.922,50.71],[31.968,50.715],[32.019,50.699],[32.048,50.717],[32.068,50.767],[32.114,50.802],[32.067,50.841],[32.057,50.934],[32.107,50.954],[32.092,50.981],[32.153,50.994],[32.211,51.024],[32.273,51.001],[32.331,51.03],[32.363,51.008],[32.409,51.015],[32.399,51.042],[32.435,51.077],[32.494,51.084],[32.526,51.065],[32.534,51.025],[32.604,51.026],[32.687,51.005],[32.691,50.953],[32.758,50.932],[32.776,50.889],[32.836,50.859],[32.935,50.891],[32.975,50.916],[32.979,50.966],[33.042,50.997],[33.084,51.04],[33.041,51.082],[32.943,51.09],[32.993,51.143],[32.96,51.163],[32.989,51.197],[33.042,51.206],[33.03,51.227],[33.069,51.255],[33.069,51.332],[33.014,51.32],[32.962,51.336],[32.997,51.362],[32.82,51.435],[32.746,51.433],[32.723,51.446],[32.689,51.442],[32.623,51.463],[32.612,51.426],[32.499,51.396],[32.433,51.388],[32.386,51.41],[32.312,51.41],[32.23,51.392],[32.23,51.375],[32.118,51.4],[31.998,51.368],[32.029,51.326],[31.982,51.292],[31.926,51.293],[31.882,51.244],[31.816,51.231],[31.741,51.25],[31.656,51.225],[31.622,51.242],[31.544,51.233],[31.49,51.203],[31.518,51.188],[31.441,51.178],[31.423,51.125],[31.381,51.098],[31.316,51.103],[31.283,51.067],[31.316,51.044],[31.269,51.03],[31.369,50.982],[31.319,50.949],[31.299,50.869],[31.247,50.812],[31.186,50.792],[31.24,50.752],[31.167,50.732],[31.218,50.697],[31.202,50.655],[31.223,50.607],[31.166,50.607],[31.188,50.575],[31.246,50.567],[31.262,50.539],[31.32,50.527],[31.33,50.501],[31.358,50.529],[31.42,50.504],[31.57,50.528],[31.629,50.522],[31.647,50.553],[31.686,50.563],[31.782,50.559],[31.782,50.606],[31.859,50.632]]]},"properties":{"key":"UA74040000000028062","name":"Ніжинський район","oblast":"Чернігівська область"}},{"type":"Feature","geometry":{"type":"Polygon","coordinates":[[[33.429,52.346],[33.381,52.372],[33.306,52.35],[33.208,52.376],[33.17,52.373],[33.17,52.341],[33.137,52.346],[33.067,52.303],[33.073,52.325],[32.996,52.272],[32.962,52.274],[32.887,52.245],[32.885,52.274],[32.833,52.279],[32.817,52.259],[32.755,52.267],[32.701,52.248],[32.607,52.305],[32.55,52.327],[32.489,52.315],[32.377,52.338],[32.352,52.317],[32.4,52.25],[32.347,52.245],[32.324,52.224],[32.347,52.183],[32.29,52.103],[32.222,52.081],[32.278,52.059],[32.372,52.06],[32.374,52.036],[32.466,51.971],[32.513,51.985],[32.516,51.965],[32.627,51.97],[32.63,51.917],[32.664,51.908],[32.735,51.924],[32.847,51.871],[32.866,51.849],[32.711,51.841],[32.73,51.822],[32.684,51.815],[32.714,51.774],[32.767,51.735],[32.702,51.726],[32.686,51.683],[32.719,51.635],[32.811,51.618],[32.831,51.58],[32.784,51.576],[32.741,51.552],[32.655,51.557],[32.609,51.521],[32.622,51.488],[32.688,51.486],[32.738,51.466],[32.723,51.446],[32.746,51.433],[32.82,51.435],[32.997,51.362],[32.962,51.336],[33.014,51.32],[33.069,51.332],[33.045,51.342],[33.017,51.396],[33.06,51.371],[33.108,51.366],[33.133,51.383],[33.113,51.428],[33.137,51.495],[33.192,51.506],[33.159,51.569],[33.207,51.57],[33.154,51.609],[33.155,51.642],[33.125,51.65],[33.164,51.679],[33.171,51.699],[33.094,51.76],[33.122,51.811],[33.147,51.816],[33.124,51.865],[33.297,51.935],[33.355,51.931],[33.396,51.96],[33.304,52.013],[33.402,52.051],[33.429,52.026],[33.5,52.038],[33.5,52.088],[33.453,52.089],[33.417,52.123],[33.339,52.147],[33.312,52.189],[33.366,52.232],[33.389,52.313],[33.429,52.346]]]},"properties":{"key":"UA74060000000063946","name":"Новгород-Сіверський район","oblast":"Чернігівська область"}},{"type":"Feature","geometry":{"type":"Polygon","coordinates":[[[33.065,50.52],[33.05,50.542],[33.104,50.593],[33.147,50.655],[33.136,50.711],[33.24,50.732],[33.19,50.747],[33.154,50.824],[33.185,50.849],[33.17,50.888],[33.211,50.901],[33.2,50.962],[33.137,50.961],[33.118,51.007],[33.042,50.997],[32.979,50.966],[32.975,50.916],[32.935,50.891],[32.836,50.859],[32.776,50.889],[32.758,50.932],[32.691,50.953],[32.687,51.005],[32.604,51.026],[32.534,51.025],[32.526,51.065],[32.494,51.084],[32.435,51.077],[32.399,51.042],[32.409,51.015],[32.363,51.008],[32.331,51.03],[32.273,51.001],[32.211,51.024],[32.153,50.994],[32.092,50.981],[32.107,50.954],[32.057,50.934],[32.067,50.841],[32.114,50.802],[32.068,50.767],[32.048,50.717],[32.019,50.699],[31.968,50.715],[31.922,50.71],[31.859,50.632],[31.913,50.596],[31.952,50.544],[32.063,50.541],[32.064,50.512],[31.973,50.467],[32.021,50.459],[32.057,50.397],[32.097,50.416],[32.075,50.375],[32.161,50.369],[32.143,50.348],[32.218,50.358],[32.255,50.347],[32.252,50.374],[32.29,50.379],[32.339,50.428],[32.447,50.398],[32.494,50.395],[32.485,50.371],[32.528,50.346],[32.562,50.359],[32.75,50.36],[32.838,50.375],[32.937,50.431],[33.016,50.471],[33.065,50.52]]]},"properties":{"key":"UA74080000000030554","name":"Прилуцький район","oblast":"Чернігівська область"}},{"type":"Feature","geometry":{"type":"Polygon","coordinates":[[[31.817,52.099],[31.773,52.112],[31.722,52.096],[31.661,52.117],[31.606,52.112],[31.518,52.125],[31.466,52.121],[31.404,52.143],[31.389,52.122],[31.325,52.106],[31.298,52.052],[31.253,52.042],[31.216,52.071],[31.158,52.08],[31.136,52.103],[30.993,52.078],[30.935,52.075],[30.945,52.025],[30.91,51.991],[30.805,51.947],[30.824,51.919],[30.794,51.897],[30.756,51.904],[30.707,51.868],[30.695,51.837],[30.654,51.826],[30.67,51.791],[30.615,51.709],[30.56,51.701],[30.564,51.663],[30.51,51.626],[30.557,51.608],[30.507,51.602],[30.545,51.584],[30.528,51.563],[30.578,51.552],[30.568,51.511],[30.622,51.461],[30.579,51.446],[30.618,51.431],[30.656,51.376],[30.657,51.343],[30.594,51.312],[30.619,51.289],[30.539,51.263],[30.561,51.239],[30.506,51.225],[30.541,51.178],[30.498,51.175],[30.495,51.132],[30.517,51.111],[30.499,51.019],[30.601,51.027],[30.642,51.003],[30.645,50.964],[30.684,50.902],[30.772,50.874],[30.777,50.833],[30.745,50.819],[30.751,50.774],[31.07,50.765],[31.127,50.774],[31.122,50.75],[31.167,50.732],[31.24,50.752],[31.186,50.792],[31.247,50.812],[31.299,50.869],[31.319,50.949],[31.369,50.982],[31.269,51.03],[31.316,51.044],[31.283,51.067],[31.316,51.103],[31.381,51.098],[31.423,51.125],[31.441,51.178],[31.518,51.188],[31.49,51.203],[31.544,51.233],[31.622,51.242],[31.656,51.225],[31.741,51.25],[31.816,51.231],[31.882,51.244],[31.926,51.293],[31.982,51.292],[32.029,51.326],[31.998,51.368],[31.891,51.37],[31.857,51.413],[31.825,51.416],[31.822,51.479],[31.85,51.505],[31.846,51.541],[31.882,51.581],[31.858,51.623],[31.805,51.629],[31.809,51.655],[31.779,51.73],[31.652,51.78],[31.636,51.825],[31.667,51.828],[31.694,51.869],[31.662,51.883],[31.706,51.921],[31.806,51.908],[31.796,51.949],[31.759,51.967],[31.797,51.991],[31.774,52.062],[31.81,52.07],[31.817,52.099]],[[30.628,51.515],[30.671,51.531],[30.71,51.531],[30.709,51.553],[30.785,51.539],[30.782,51.512],[30.652,51.524],[30.628,51.515]]]},"properties":{"key":"UA74100000000047140","name":"Чернігівський район","oblast":"Чернігівська область"}}]}