{"type":"FeatureCollection","features":[{"type":"Feature","properties":{},"geometry":{"type":"Polygon","coordinates":[[[-179.9,85.0],[-179.9,-85.0],[179.9,-85.0],[179.9,85.0],[-179.9,85.0]],[[22.137205526764948,48.43347586104132],[22.16041461238739,48.56782178949639],[22.18870091554048,48.609998954704906],[22.339050291700563,48.68435349561124],[22.36100123545731,48.73195376363631],[22.345801526569087,48.76669961808236],[22.386658519586092,48.79875365701185],[22.387023348617497,48.79935187682311],[22.379901181391343,48.86029942122798],[22.420036479457686,48.88458696211717],[22.4231013563145,48.92899945187948],[22.476900592078422,48.9924990081228],[22.5424054675668,49.00635312002924],[22.54296497248535,49.00668912846454],[22.552501077206514,49.07969931707147],[22.578823727030734,49.096491708576075],[22.624299378993584,49.08059903816613],[22.65347763920212,49.04994620863447],[22.681803654946826,49.03903770893732],[22.7657998794604,49.05379887671659],[22.832799257052216,49.026399144214544],[22.846294072438468,49.00332318046754],[22.847007809701633,49.00283920079327],[22.869230623670738,49.00391125498089],[22.892775201336793,49.01601737473461],[22.893234623889416,49.01650848029582],[22.892966110103444,49.01766714138236],[22.866901205866085,49.03990060079079],[22.865301536276313,49.06657436338904],[22.891048648453637,49.09359300692909],[22.89132478331081,49.09430675824839],[22.890941156291607,49.09507090932352],[22.82960062793359,49.112201003970085],[22.789018088686444,49.157932490205695],[22.739702024228563,49.158501072676486],[22.7537118654366,49.179605372313866],[22.753856031419375,49.18037043569461],[22.753320543568314,49.181055594220474],[22.752450978361303,49.18106236141698],[22.718300206630737,49.164901391366925],[22.707501672936306,49.17470006664218],[22.745567433905315,49.21545005134416],[22.745413464705784,49.21618410534283],[22.744885287342456,49.21658004739608],[22.713902228073284,49.226400435759636],[22.739294121563027,49.24772960588936],[22.74657829409877,49.36099686773364],[22.698875859461264,49.49133895744806],[22.698365993700275,49.49176009187602],[22.651900767570975,49.50890086209987],[22.641101526101288,49.53019971023244],[22.783256806448644,49.65646875507494],[22.80540075829116,49.69379910684732],[22.847738891044582,49.710339958901756],[22.961058117486804,49.80479836026409],[22.970201015384774,49.83769889231336],[22.996407217241785,49.8425795946482],[23.21272698616275,50.03006337961245],[23.213058737641525,50.03065647672097],[23.215901021582773,50.04789931045901],[23.279188497892154,50.086434263091796],[23.279507732458754,50.08715287080088],[23.27972149968502,50.10091314996458],[23.470470152087646,50.21758174396555],[23.58099145245977,50.265512933396245],[23.63920069792562,50.32069869059126],[23.686274413038493,50.331326475010286],[23.686662807428974,50.331871987161975],[23.697801157856404,50.37099912934766],[23.720200537835797,50.3849987337176],[23.80310019445405,50.40569860673411],[23.995822373599168,50.412035200076325],[24.069553430156052,50.50367008425558],[24.097294723150558,50.635774834952656],[24.098776522661137,50.63636105889882],[24.099185355705696,50.63711272067576],[24.098932191722042,50.63783552615116],[24.098143700211473,50.63816782274006],[24.086401199766126,50.636501382761544],[24.0864,50.66980146473089],[24.086157470793353,50.67045433378148],[24.06430137152951,50.678600781522086],[24.07185974725095,50.71997570068715],[24.070965030498325,50.72066340611741],[24.01840128233471,50.72360105448519],[24.024150044945248,50.76482489850576],[24.02390052293866,50.765634667141185],[24.023216231069213,50.765961438148004],[23.980200635517217,50.76840125840104],[23.95840140401362,50.79470003229498],[23.9906006365085,50.83739873257707],[24.104384716431053,50.83812057947224],[24.14508055844028,50.867456148658924],[24.145439388233353,50.868593589041225],[24.144746149491695,50.86923417555683],[24.05260044688798,50.893200955817214],[23.971401091962985,50.95120081699346],[23.957898118821117,50.98976828981888],[23.91540290212829,51.00769990278029],[23.93336974357,51.013871427084645],[23.933900627021217,51.01429972693403],[23.934043540413704,51.01486992025003],[23.933628482766046,51.015629281228414],[23.915302089060177,51.02879990769199],[23.928969325276306,51.03689711624647],[23.929450706096294,51.03789111422777],[23.92872326503627,51.03872213106567],[23.913801091770342,51.04280093636375],[23.9101210567424,51.07393311572412],[23.909371382059614,51.074358640654246],[23.877700599095203,51.07660118029426],[23.85850104024425,51.099300643549185],[23.84900123561939,51.12139986114176],[23.869794549352616,51.149932056088474],[23.869985113247154,51.150571873278565],[23.869730572660192,51.15118903591858],[23.740400910608713,51.21380076286638],[23.72669619054492,51.26244017785957],[23.698041369427013,51.29182698279006],[23.646900913246512,51.29210112879319],[23.638301209571676,51.33199973050478],[23.665100565397076,51.36719895877272],[23.683845781740324,51.36860593363052],[23.68459808975552,51.36904107515078],[23.68472567786521,51.36990074762717],[23.67740151411363,51.3933992552061],[23.7016942166158,51.402471667528275],[23.7020082813394,51.40318735116985],[23.702189079499366,51.418560751088364],[23.701630794149235,51.419377604492794],[23.67780154629439,51.43100047495206],[23.683681998518466,51.441258829373396],[23.683701041044557,51.4420321181062],[23.683251977153663,51.44254415026001],[23.649701037595914,51.44620110060755],[23.647601206741577,51.458799344045275],[23.673414384327533,51.470015238134806],[23.67389869483827,51.47046264088592],[23.673946475400424,51.47129854169058],[23.669459793415605,51.48248083588498],[23.61980108500163,51.49710097344892],[23.617601302233894,51.509498828384906],[23.673654571993996,51.50556466189769],[23.674446408144263,51.50587010804736],[23.674718328231084,51.506674074032716],[23.63720158097671,51.55179999121765],[23.66247907311939,51.58135707010883],[23.66255952525461,51.5825489823285],[23.60510229133701,51.6222997504813],[23.679871617244157,51.652788426817466],[23.77989933741756,51.66709875479587],[23.79324553476403,51.639525770083154],[23.793893437221303,51.638993743848154],[23.912896923792818,51.631499125846176],[23.880523185184295,51.60850567990981],[23.880313067449073,51.60786750145025],[23.880674262851397,51.59314878880556],[23.881347814577406,51.59222800233827],[23.942699877914578,51.59659892313669],[23.99558020912776,51.58050931407053],[24.075290283243703,51.62001306721711],[24.11890068008559,51.66659893920216],[24.269853789677878,51.716889113391446],[24.31692369368429,51.749012033824684],[24.317217523746066,51.750137870214715],[24.29610138410268,51.80529968130832],[24.341452433247152,51.84779249109293],[24.341636316669014,51.84850611489362],[24.339801232645154,51.86309931766705],[24.3732279317661,51.878602740253264],[24.610699970800937,51.90189833530333],[24.754992420815494,51.88263465728842],[24.81499995063664,51.912998585008836],[24.843504076878276,51.89606033034671],[24.919399522114656,51.91149867504157],[24.931086360700522,51.89724487973869],[24.96410057052605,51.89730438371596],[25.10010039405194,51.95319865140588],[25.19219997082793,51.969798942732965],[25.226148529340442,51.96012778651363],[25.261599931870194,51.96709874008933],[25.40925247863388,51.92100542548667],[25.510975464377747,51.92141910138691],[25.528800302051344,51.93969867533281],[25.62026506392746,51.9056821277096],[25.62126647034456,51.9063455333264],[25.620908249905337,51.90749209337346],[25.591703797293846,51.924398957899314],[25.779556999327085,51.92232320275328],[25.780354291891967,51.92285573245275],[25.780337037845268,51.92381435939411],[25.765701865821264,51.9494989601509],[25.779599907316143,51.94999864417721],[25.826098929577043,51.94189899060705],[25.828009373114224,51.92519298525054],[25.82879834587178,51.92432767779684],[25.915932361994344,51.91471847828017],[25.997600037189688,51.93329882906008],[26.043199214858415,51.92589902869434],[26.04775915241292,51.91421717194189],[26.04846904810988,51.913605595396234],[26.09359963825985,51.91229896402423],[26.14025908555804,51.87511478415342],[26.140991297745224,51.87503575332433],[26.155698793802255,51.879098477429615],[26.15524075562014,51.86712342195774],[26.155512971692055,51.866496519191635],[26.156124275901895,51.86619087915664],[26.371594510982725,51.86290795759506],[26.3941989364567,51.877397938705094],[26.39615680370192,51.83258919522599],[26.396408366192173,51.831968543555845],[26.39718957475001,51.83163339055905],[26.428821908405975,51.832689318289624],[26.46899877076083,51.81309922542291],[26.469098165173047,51.80046389919156],[26.469376383213035,51.79986910050972],[26.469963542287505,51.79957510225979],[26.545285140075983,51.79705083323563],[26.592800314880332,51.82969885918178],[26.692199778042028,51.82329892886413],[26.754098731651062,51.80109917506545],[26.752152609594564,51.77451812096582],[26.7523818420195,51.77380472056651],[26.793317674730332,51.75658113954146],[26.846899934338598,51.76609886923398],[26.94872396375124,51.73530557433726],[26.94940269531999,51.73549480016041],[26.99640043290002,51.7698987121626],[27.200798983848966,51.7732988982129],[27.207892687115134,51.66474540222994],[27.208594330103782,51.66427779536865],[27.272798159277745,51.65439914413865],[27.241967325508217,51.6038498784978],[27.241847218694964,51.60310188673372],[27.24237045414564,51.60243642738247],[27.359199962383283,51.615798800436174],[27.415842719150643,51.605633879867796],[27.454499705013344,51.620198539938215],[27.468779184046898,51.60685921119369],[27.469450848897644,51.606985860417886],[27.48279872974105,51.61489794500927],[27.481355598174066,51.59477466789195],[27.481550635374255,51.594106291352325],[27.50312279985616,51.58684212208498],[27.52440815899131,51.605370430565],[27.52473554221917,51.60596756239475],[27.52454942734659,51.606718285976896],[27.523784657798675,51.60712032198732],[27.512100927543703,51.60640118462108],[27.508001424614275,51.62889851222554],[27.539782941856462,51.62174583232322],[27.54047585560597,51.62220685019714],[27.54970043007294,51.637098569604696],[27.617805689119376,51.60571140608371],[27.64470014453338,51.61579861998652],[27.722798808126996,51.6034990313718],[27.720698923745836,51.56130069712416],[27.677292732440662,51.539146110795464],[27.67236238636813,51.51286222215108],[27.672906249641972,51.512238918556655],[27.759118080014577,51.473068639139356],[27.760072964909423,51.4735019308069],[27.80050070603102,51.53349893492105],[27.8461411096669,51.54241503628313],[27.846870738998746,51.54300772026793],[27.846786245609653,51.54394393292269],[27.82490123287954,51.57740007767365],[27.839815628297988,51.60800609442964],[27.839861790468806,51.6087709786431],[27.839262601598655,51.60938245102354],[27.81862308510117,51.61700952718461],[27.85010011786099,51.62999871795719],[27.91309900335896,51.616699023284276],[27.920193979980723,51.57938372174524],[27.92106978919444,51.57857617879342],[27.976196684912424,51.59469798609146],[27.942471833370888,51.559554683512516],[27.94224419601261,51.55854742131071],[27.94302871867486,51.557875915463775],[28.10235366054438,51.578754518924754],[28.102942691862765,51.57905123735089],[28.13110041459815,51.60819866433097],[28.147591819026797,51.60484410659338],[28.148481601017096,51.60510057757259],[28.171200757425666,51.64469914061227],[28.260199703524346,51.68169869451678],[28.269598714687877,51.671199739649246],[28.254569816845144,51.62738652492114],[28.25466918953,51.62652967700556],[28.343398984896716,51.57629920739901],[28.353285334682116,51.54044143301584],[28.354012509535814,51.53973565216463],[28.35467269193303,51.53980121413464],[28.46810017577187,51.592798857272044],[28.6580943562994,51.56759977003541],[28.636640966687054,51.56295183393943],[28.636014311609244,51.562519627509694],[28.635873480812673,51.56177151944852],[28.636755452060864,51.56097923491498],[28.651896124415728,51.55949937434108],[28.640292055977355,51.55434631796526],[28.639857404005067,51.55385376813539],[28.63982214287872,51.553197807523084],[28.682717828480715,51.44476667699968],[28.683258731002184,51.444355769425435],[28.6839373706379,51.444385245129595],[28.73579879118196,51.4656983283548],[28.733677037861476,51.434979230664034],[28.752393107352965,51.41601100944625],[28.753016213096583,51.415720002136986],[28.753895797365132,51.41610811788464],[28.780216484770428,51.45071628065339],[28.76170132962127,51.48689986696461],[28.819400647200418,51.558799081854026],[28.906000229465253,51.588798762325304],[28.96629927522574,51.59079882288948],[28.97422123861372,51.57370171665087],[28.97469021590396,51.57322328549672],[28.99788655601031,51.573940428024216],[29.11690032403344,51.65669883011194],[29.167199674684305,51.65329880396134],[29.17639811714524,51.648699671945096],[29.158655794936134,51.63011083279024],[29.158465090229406,51.62901477861985],[29.159113993997256,51.62845615165075],[29.185498323353254,51.621199321574046],[29.17860002075164,51.60951603513945],[29.17859684640498,51.60850444735307],[29.17910068294761,51.60807473613388],[29.204398988917276,51.598299060765534],[29.21373338283724,51.56798307673744],[29.214425154671403,51.56768497088764],[29.25229913073041,51.56689893411841],[29.260198839694848,51.532100125985835],[29.245425964909987,51.500680552041906],[29.2453886642314,51.49992011206829],[29.269319374988154,51.45981727859788],[29.304298963382248,51.45449889938199],[29.32032723847293,51.37832115046817],[29.32113997894538,51.37754087954843],[29.35938811263881,51.378825112558495],[29.37540072935536,51.40099894638861],[29.424100014134773,51.41389874936981],[29.500269453147826,51.39573605739798],[29.5008319915045,51.396277368085684],[29.537100613246608,51.481198404498905],[29.580822880057625,51.46097445004137],[29.581495832951305,51.460914610643435],[29.60814312236877,51.47084757344759],[29.608465345349742,51.47163121312044],[29.607501265686388,51.49199929766576],[29.631800523162042,51.50559853744562],[29.73867625790735,51.524695757961],[29.74499858524084,51.49430095937638],[29.72754422839268,51.49121956971636],[29.726950046693307,51.49087527552965],[29.72671803085812,51.490228932717294],[29.739810948424452,51.45965256007523],[29.74033480392414,51.459261579275086],[29.792033418069597,51.4428475167303],[29.792739639533117,51.44312318744854],[29.793047935428998,51.44391222568366],[29.79070130277984,51.45829898155932],[29.80779989161099,51.45969859639688],[29.874585594696782,51.44382246221728],[29.87514752478186,51.44433445959053],[29.89422384098281,51.48460391198789],[29.926499841509816,51.48989891367386],[29.96091186077941,51.472097721479074],[30.01021841790983,51.48962190961693],[30.010651470683147,51.49017019024559],[30.015300850438237,51.50459860746483],[30.11769672365101,51.4878180021612],[30.118595774189025,51.488451110769496],[30.125900598918456,51.50699844761264],[30.162075754626105,51.489289545223095],[30.16278928500322,51.48972199372427],[30.17870042660144,51.51319847667163],[30.288199526064435,51.463099165833995],[30.344399130073345,51.42429932661548],[30.359298663723735,51.37950055578059],[30.324644187534904,51.36221921387018],[30.32433376750483,51.36150650382146],[30.32462762328155,51.36078680597437],[30.33384990224635,51.353268292880394],[30.398764373149568,51.31204439896102],[30.462498690860063,51.3064989866378],[30.457420859383994,51.2764084876712],[30.457952055140876,51.275351487379325],[30.5060997443182,51.280598856597685],[30.538980907879118,51.26035017258664],[30.53962880533632,51.260209309309595],[30.540222405952512,51.260504693612376],[30.54050075483698,51.26110647054479],[30.53992301368414,51.262607455963995],[30.61821348348024,51.2880866311902],[30.62347060585342,51.30388786162233],[30.62318851025634,51.3049407588204],[30.591603330794108,51.313200255013],[30.649204700525107,51.33798500920481],[30.649362634714404,51.33916804775714],[30.636301365652105,51.36269978219654],[30.653545219770468,51.37869277364189],[30.65386390587331,51.3794776457176],[30.618771086841402,51.42733526034052],[30.584900940213878,51.43020101881373],[30.581401355638786,51.45189918296917],[30.620279312577683,51.4650475936253],[30.620850780613043,51.465542487956476],[30.620912581828097,51.46629593120204],[30.62034181089341,51.466918708999124],[30.589500777381687,51.479700950076264],[30.567101275268218,51.51300014037384],[30.580619754208165,51.54756106181384],[30.580449284611998,51.54857433790682],[30.579475559613382,51.548902435378444],[30.547800503563106,51.54200129282626],[30.52830175610977,51.569699436593716],[30.552105886614846,51.57802753448124],[30.55271024321822,51.57861560946895],[30.552599114645425,51.57953888321203],[30.510203802561048,51.596999586899024],[30.553979795935383,51.60454502866121],[30.554801992249384,51.605404522723774],[30.554220722927223,51.60644224272332],[30.509701885910836,51.626500461353196],[30.53386283231212,51.65734341343245],[30.53347227592208,51.65831348961069],[30.517303717848403,51.67029849290184],[30.566903918236292,51.6638078485878],[30.567560468052623,51.66478068749497],[30.56610123320653,51.708398925234],[30.62329892768552,51.71434789542657],[30.62388220019905,51.714615592304426],[30.64972200038717,51.75825300817378],[30.64985004585456,51.758910476818414],[30.649109271353034,51.759730595348266],[30.613704917937003,51.76879973836804],[30.657755143690103,51.77538594915691],[30.67003630714135,51.796946642701315],[30.652701781426458,51.825699265415594],[30.691558539087566,51.835406179075505],[30.746200583956938,51.901498685048786],[30.802591330728788,51.899148380192166],[30.82413370818005,51.921023504723834],[30.824415634290553,51.92162761476373],[30.82425520999615,51.92227468146651],[30.806901878404243,51.948599276853386],[30.88856590671132,51.969757198846516],[30.88895562837249,51.97020837643057],[30.888994758405996,51.970898972489465],[30.884901558360266,51.98429902028691],[30.908796168966052,51.987954708194806],[30.909612626296727,51.988690881355055],[30.90946010243796,51.98952251072888],[30.899102556617297,52.00409822690153],[30.92538864831188,51.99711187829684],[30.926315112431528,51.99733556067855],[30.926644649518114,51.99803590029548],[30.926304282527163,51.99883069271901],[30.91010178585646,52.01040006559987],[30.93577459784603,52.03182884595035],[30.935810672755554,52.0326840872983],[30.924301870178756,52.05989835387937],[30.945468089972046,52.05397641926708],[30.946521986348664,52.05431918614068],[30.946737442647006,52.054955564073076],[30.946501559451743,52.05558465660008],[30.932302072285367,52.07239921435095],[30.951701001847137,52.075407690576704],[30.951999874133254,52.07632921874328],[30.949401409835186,52.08969846883113],[30.991434614235303,52.07792714455193],[31.13909955529815,52.103298798882236],[31.158835141305264,52.0795626495533],[31.20949966757969,52.07219906712867],[31.25364759424296,52.04293361729962],[31.254314497800333,52.042773666923964],[31.298470635935324,52.05251851187874],[31.32450080791635,52.1051990983389],[31.42979993955992,52.1433987078609],[31.488249124089123,52.115815968003936],[31.661099775242224,52.11639857986415],[31.723104267675854,52.096051266238746],[31.78199988998002,52.11199869710291],[31.811043558356594,52.09864756882818],[31.867599904137844,52.110598810039846],[31.960597739040587,52.0745997056394],[31.92006030762725,52.04514964051845],[31.91965743506101,52.044203892563736],[31.920301388047776,52.043402599827395],[31.962800050325328,52.053398845309204],[32.09589923917002,52.03363124207941],[32.13385800732006,52.04361243488739],[32.14750064070273,52.06919887097278],[32.200306006527015,52.06648326475266],[32.290845251218194,52.103096585421106],[32.32030056155377,52.136599073637235],[32.362614535401256,52.145780116069936],[32.36282585537976,52.14686256951057],[32.36200988728381,52.14747528502358],[32.32420210040088,52.15160092412099],[32.346723998649836,52.18228771868449],[32.34691746841946,52.18290668265095],[32.32470153103218,52.22389975709436],[32.34650053065557,52.24449874612717],[32.39952324596334,52.246813741642036],[32.40039095817498,52.24740106361095],[32.40025817223442,52.24844040930484],[32.38320168224945,52.26959979867142],[32.39227123170497,52.27656056080497],[32.39258777078231,52.277249612249655],[32.39239148211015,52.27788755870013],[32.39145173282304,52.27828194681294],[32.37060072374827,52.27540130011777],[32.35250145424765,52.31619966152172],[32.37800033069753,52.337498673828186],[32.48980208711304,52.31400968861561],[32.49068477648033,52.31437222568041],[32.50130058591976,52.32739872071341],[32.551099471684694,52.32599871044803],[32.57708641063741,52.301911777887234],[32.607099826738136,52.305198938508326],[32.668178719534545,52.276709926240024],[32.700776577108854,52.248441479218776],[32.75660012290431,52.26699897676306],[32.81754837932743,52.259179724262886],[32.81815124769872,52.25953905962341],[32.8334005309268,52.278598744714174],[32.88439899578308,52.27369896802226],[32.887788127214364,52.24630457138102],[32.88816795513731,52.24563692657811],[32.888811039746365,52.24542777560202],[32.904394721334555,52.245951598425584],[32.96190025031403,52.27359876066498],[32.99544159853348,52.272056314814144],[32.99600066760144,52.27304232258339],[32.99470125956415,52.28799921386382],[33.044887595512165,52.30737862357972],[33.06020042719196,52.32989860008815],[33.07379857143155,52.32439931762805],[33.06795718769927,52.305173343862926],[33.068221913112176,52.30427811207089],[33.06901406302997,52.30397943421594],[33.135300272199636,52.345598783648185],[33.16907548018356,52.34163434385994],[33.169624321761624,52.34250490288496],[33.17030106503466,52.3731989360037],[33.19642860399324,52.37379387428094],[33.30654925823689,52.35023091628244],[33.38069998289559,52.37189872531316],[33.41669836601695,52.36029934513428],[33.41149285840611,52.35068373760025],[33.41148616974983,52.3499227470725],[33.41201698299705,52.34937741358002],[33.44448883106666,52.34267391082969],[33.44542558496286,52.343134373799906],[33.445442042748674,52.344178051504116],[33.43890157499416,52.353099768261025],[33.45510032574887,52.36529866543392],[33.51927599221215,52.354504038693285],[33.483555657657384,52.315181223423124],[33.4832969074736,52.314559714778866],[33.48349078833458,52.31391501728063],[33.48414553086083,52.313519874780056],[33.558356215464116,52.302260689911584],[33.55926809267974,52.30274923610698],[33.559259485070754,52.30378370377225],[33.54410288802336,52.323697918810915],[33.581908706287265,52.31098625598526],[33.60480062344549,52.33369896430705],[33.68350027848258,52.357898549537566],[33.790599998854255,52.36659915060962],[33.8388992001468,52.358498787151134],[33.8546984047225,52.33390021865247],[33.84065223218135,52.32138667312305],[33.840394231592946,52.32058224753681],[33.84076549953244,52.31992370126508],[33.921899455568656,52.304598938949134],[33.94459880662027,52.28289964430024],[33.937102347116834,52.25066982981393],[33.937409313366985,52.24969821756585],[34.00049927019929,52.227199084978416],[34.016656084397084,52.202076313016455],[34.05289935634847,52.20159882881684],[34.064998562981344,52.18300014425413],[34.05431334574883,52.17212197084581],[34.05409313902372,52.17147269054327],[34.05441262287448,52.17076262988657],[34.11599816132939,52.141099638853554],[34.087197349138265,52.109107637359116],[34.087192385525846,52.108441844462064],[34.095098582347056,52.08550067274697],[34.0641268806343,52.07409885176723],[34.06347958508271,52.07328073918406],[34.06383291880941,52.07239153643052],[34.10109870196547,52.04139948777561],[34.096627213383144,52.005909410540156],[34.096972370049,52.005021878183726],[34.13979809383481,52.00019910185646],[34.13000099475516,51.985309354774984],[34.12984101656131,51.98466311006084],[34.142992065972564,51.96827762388143],[34.18989930842909,51.96819875251208],[34.21967174822202,51.920619933927064],[34.26149838303245,51.90939931241007],[34.246933349617784,51.88318002931201],[34.246848232131214,51.882411911727694],[34.24733604112241,51.881812502019756],[34.30339973203155,51.88749868749473],[34.41539867704221,51.825299341595844],[34.409386229652675,51.782123651691435],[34.440398466275816,51.7433000273659],[34.422299501962144,51.72230106060811],[34.3096511494838,51.72020014065836],[34.29079952776552,51.70500114594334],[34.127892077804674,51.68920485691399],[34.08541163552329,51.66837123469679],[34.0849106443056,51.66780933448843],[34.08498785773698,51.66697160213627],[34.08577278300729,51.66647692846387],[34.10559953379306,51.66679881616028],[34.13037628182309,51.6430738806457],[34.16739919153255,51.64559882630279],[34.18228547143228,51.59710951319461],[34.18302643231003,51.596892145762794],[34.21089911878549,51.59999876100703],[34.216324404080716,51.57611358904809],[34.21704737900119,51.57536736607302],[34.21772579097472,51.57543042074771],[34.23739940706388,51.584698412236165],[34.260032013367784,51.53360940246357],[34.30839710308359,51.51919971895947],[34.290367078153125,51.50979573430566],[34.28991896221303,51.50932253165338],[34.29119886412393,51.48030065649709],[34.24543881703307,51.456731589513375],[34.24514069237499,51.45612936754518],[34.245291029192614,51.45547442598138],[34.255298451679835,51.43980032882402],[34.221489398758834,51.417455602658016],[34.22106010105231,51.41642553342542],[34.22779047145716,51.40020345052655],[34.228254159578334,51.399699533294445],[34.29249826975544,51.38809915193873],[34.286446171141606,51.37650078125795],[34.28642028685703,51.37582560492132],[34.28682968686043,51.37528808774116],[34.28758458090888,51.375149615490145],[34.30589974021905,51.37909866333904],[34.338898255370346,51.35669977147194],[34.314899584148506,51.32900119482185],[34.282820684153165,51.3350690597548],[34.28198594046728,51.334847404129164],[34.28163519382342,51.334058160802094],[34.28229876292066,51.310600797689695],[34.239246816973825,51.29246847904306],[34.23895618877788,51.29167725302864],[34.23937361588524,51.290944956664994],[34.25529798198411,51.28179991897909],[34.23271237613022,51.2663060100728],[34.23229262012489,51.26565153002105],[34.232531133527736,51.264816439483155],[34.30629987079922,51.23828034356352],[34.383200101712205,51.273398667603715],[34.483898705446194,51.24473442010675],[34.540499812561144,51.25249879686263],[34.57977199369768,51.23379495087738],[34.580497988935036,51.234056681097115],[34.60170037154326,51.2534988804019],[34.6616990322954,51.24739899834595],[34.668702810118745,51.196972293084926],[34.71705162343526,51.17174763097086],[34.78479993740248,51.184698810747975],[34.83459259341955,51.16973432312972],[34.835176215520306,51.17009947310686],[34.83538551253225,51.17075532676667],[34.8336013269264,51.183199343141276],[34.86230020613479,51.199198827162704],[34.898195146846014,51.19347373294263],[34.979900109045666,51.235298786507684],[35.03799900984246,51.21769915476205],[35.03958472722493,51.20620294035464],[35.0399603471628,51.205634190818024],[35.040513847620396,51.20543760133659],[35.041164069546255,51.205641997570055],[35.07580032250225,51.23209883415611],[35.15009831307293,51.22369903711399],[35.12380979472534,51.16496867349962],[35.123751960610704,51.16431925157904],[35.141579228335075,51.13381763235467],[35.17489794401795,51.12159952712813],[35.16405931097718,51.110385494114325],[35.16378433473152,51.109580770920005],[35.1641494301038,51.10891296094545],[35.17689803254578,51.098600165367245],[35.14962124206107,51.08325569865935],[35.14911318004179,51.082442008100465],[35.14952379439399,51.081575050665045],[35.20981041650693,51.04649291564688],[35.31180007439625,51.07849879819577],[35.37509947034343,51.066898847034274],[35.40959822616295,51.03899998129226],[35.37429960784602,51.00920124999988],[35.3250870534177,51.01379576154854],[35.324275421365826,51.0134954641672],[35.32399672462244,51.01287287206256],[35.3241820867884,51.012216416678726],[35.352298431913894,50.97310012141092],[35.3272194426388,50.94763506628077],[35.326949930976035,50.94674434660555],[35.327530827484196,50.94601731337178],[35.400198968372806,50.91419911698132],[35.40309852639184,50.90320080537404],[35.38178972218741,50.89631090156921],[35.38124761629992,50.89588664034978],[35.38109842833746,50.89531240430285],[35.381516085874466,50.89454565294681],[35.40229771118066,50.879700224466646],[35.383967843966296,50.871409075160635],[35.38352702574933,50.871020007823994],[35.383390698555836,50.870351508115604],[35.38379227127608,50.86968881110572],[35.419298620420136,50.84389944555799],[35.41195407554887,50.80315460571108],[35.41222382668539,50.80227742248374],[35.488998258892174,50.776799349748025],[35.46432097880472,50.73530391125598],[35.46456191915279,50.73424978749622],[35.47359872354433,50.72539970858005],[35.46070723366124,50.689532212339145],[35.46143631265585,50.688609256727105],[35.49639845376033,50.67879929134735],[35.48539944663495,50.65530152169084],[35.46225455069694,50.6659503994595],[35.39540705381006,50.65113263442051],[35.39512555852929,50.65053365327481],[35.39527980230121,50.64989004868748],[35.42549843824445,50.60300032877316],[35.392264309610724,50.581066359944835],[35.391855635768884,50.58051349650867],[35.391864610387685,50.57992102810045],[35.39237765259073,50.57933249333424],[35.42779905650251,50.56209922254566],[35.43635519980583,50.5301727494878],[35.47697664502955,50.488248000571176],[35.58679880091851,50.44879919835801],[35.58415511798922,50.39249573578013],[35.584590863021155,50.391888592276906],[35.61199796534212,50.37449995569856],[35.60286154645918,50.3681221272791],[35.60254122657515,50.36712569298467],[35.6031888607515,50.36641698677557],[35.6675550234787,50.35138662010813],[35.73800952032091,50.35439606065524],[35.80202332555912,50.39739772768088],[35.80619889034827,50.41025561063776],[35.80613665064515,50.41101435847984],[35.80555829936953,50.41150941592144],[35.792503011422966,50.41580017205166],[35.83180010480115,50.43389867499561],[35.87216393988942,50.422614566184635],[35.872810735282016,50.42288004816324],[35.88980040106015,50.43859865091429],[35.93565322601467,50.43081374858298],[36.06792803135583,50.45079453388561],[36.147922192260836,50.43518372349647],[36.283698402010465,50.33559980662551],[36.27389508495508,50.32389121795607],[36.27371050134854,50.32294083666242],[36.29598733213426,50.29173210071863],[36.36408766820339,50.287448742827095],[36.433399360128234,50.33069820813288],[36.43976954073785,50.311880902365445],[36.44025733405211,50.31131328076028],[36.48789960226483,50.311298726940514],[36.523714148756305,50.2864444851471],[36.58499934332994,50.28589871199663],[36.592897853996,50.27520103319708],[36.57521353107819,50.27436144444696],[36.574836692449104,50.27378451040324],[36.57488099634092,50.27319224310669],[36.58049838482676,50.26230046730725],[36.56213127821392,50.25151080983398],[36.56173195121804,50.25085949932281],[36.56197021126513,50.25003984124298],[36.64853692142277,50.21771178731461],[36.6793139103401,50.23710094719014],[36.68830105227353,50.2669990159803],[36.87180023717145,50.33529891517983],[37.15309863107758,50.35620699651348],[37.29269713612791,50.401272383613495],[37.333200415124466,50.437098806093616],[37.411851459031816,50.43271871404007],[37.47680018136596,50.45949857196638],[37.49109817936548,50.457499061028344],[37.48459849744536,50.44500102820718],[37.46189415563457,50.419148757280915],[37.46164612065158,50.41852428502538],[37.48463715969553,50.3567037584533],[37.555699417029295,50.329699090096256],[37.57718774000339,50.306686895232346],[37.635598531141376,50.31129873286098],[37.61456668666279,50.22020703371451],[37.64088816707202,50.175856676152875],[37.709998926983516,50.13369877166723],[37.7548610219575,50.07857916607704],[37.79689984716502,50.08409870710478],[37.92649922875835,50.03379901761706],[37.96501651486217,49.97871801197127],[38.04439740001296,49.9329002882203],[38.02178196217,49.92584394546329],[38.021153356136004,49.925265820924565],[38.02264106806435,49.91037980490038],[38.03293410864658,49.90107518454144],[38.033526567507515,49.90100036426477],[38.03412387256643,49.901351399803424],[38.04570062284176,49.915499106415105],[38.124498974423545,49.942698396928286],[38.12645805194173,49.923263061171944],[38.12698783994234,49.92256929228274],[38.127860658466325,49.92255593483543],[38.22167865443639,49.978455518882775],[38.22188241841058,49.97908255316521],[38.22165159334673,49.979700138413115],[38.18590098715214,50.02270043890887],[38.17770138180332,50.07959869067412],[38.255855080919495,50.07260800087114],[38.3292991446045,50.08579865181023],[38.350467117091675,50.006895347554966],[38.35083155503734,50.00635550963199],[38.415952425043024,49.98177889853993],[38.41675712274515,49.98210848485135],[38.434100463603635,50.00139866764194],[38.46929855481948,49.99539913824468],[38.46531990155641,49.98364923316656],[38.4654277306398,49.98278478148379],[38.48889886986135,49.96328039812842],[38.52734187721325,49.95863121589388],[38.58260002067983,49.977398890900524],[38.64752821457014,49.95601747176382],[38.67998880502383,49.97452059363155],[38.68650073949504,50.00789804252734],[38.71799804548578,49.983500058340205],[38.68608707223701,49.96155440678872],[38.686017155061904,49.960795570165054],[38.69418727595697,49.934811737504866],[38.79130741589391,49.87862361057622],[38.90161975835652,49.86928797834935],[38.918198609663634,49.85919950587668],[38.906942157858595,49.827123837959164],[38.930493473056856,49.797409423804275],[38.93105355538892,49.79705802099396],[39.02680006673674,49.822198604422795],[39.0678616934949,49.81562618251742],[39.1791998365885,49.888398505330095],[39.22669896279782,49.839799556646774],[39.22784556905161,49.80741605382317],[39.25078616540476,49.77675177946032],[39.28522084760569,49.75545389153468],[39.37864791792108,49.73852959268167],[39.443600094334144,49.75999884938838],[39.6104975026437,49.73369933602941],[39.592008729620005,49.71886846021604],[39.59170708057785,49.71771415136773],[39.6578680964537,49.61682706343727],[39.75029947012208,49.597398783457756],[39.80611486588866,49.55802162676486],[39.89135218537849,49.55832488393093],[39.93449009559822,49.57348220548677],[39.952100645920005,49.59709874064446],[40.06479914221783,49.59880656801214],[40.1356994940314,49.616498631516656],[40.169598275842624,49.56880053211564],[40.03930298602355,49.520566515878734],[40.0389161536308,49.51990954504217],[40.02959785306982,49.45379019679128],[40.02994472150479,49.4532434877193],[40.11420392947369,49.38570635348401],[40.200298699987066,49.345999354911065],[40.18618595734833,49.28155621937023],[40.18669338821642,49.28094993992958],[40.22719837084081,49.260499489921685],[40.22199931015916,49.25090100055436],[40.13671897049764,49.239458551226164],[40.077399510956454,49.186901030961714],[40.03090757583896,49.17927889171687],[39.93821640577819,49.08251929501127],[39.938001553343156,49.081896130780486],[39.93809880179865,49.05630122731881],[39.8054580442196,49.05999043372162],[39.76729976645785,49.04020134112673],[39.69270291709031,49.050367464322065],[39.67399959494498,49.041375412168286],[39.673488180963304,49.04078938723994],[39.67350970047074,49.04010485682994],[39.673966642917776,49.0395947111924],[39.68509833071928,49.03499947669401],[39.66367824594713,49.001742482292336],[39.66352424016215,49.00109817364266],[39.663806760714614,49.0004989795545],[39.67671420168508,48.98970598859176],[39.67737765892681,48.9894735569565],[39.70079976928168,49.00019858500771],[39.72703460284591,48.97568651622497],[39.75309962118446,48.98619866577011],[39.778098674397086,48.95179963316777],[39.775566783872506,48.92325260287091],[39.77574225931168,48.92259272512424],[39.823098990674175,48.90429912509755],[39.82668326129494,48.888481212332096],[39.827291612996206,48.88777188996212],[39.82795875649127,48.88774825960711],[39.828492117514756,48.888149713035666],[39.83840020848369,48.903098358836786],[39.852625040303415,48.89053763568739],[39.924399857516924,48.89599892710028],[39.99277759395389,48.86833592207784],[39.99363168282073,48.86902268869726],[40.00410107220842,48.90129904373417],[40.03590010176234,48.91579869663846],[40.06099909628341,48.90879889479005],[40.080698453604974,48.87020036446216],[39.97599974987742,48.79290136778282],[39.80124985185931,48.84206091866828],[39.8004196351624,48.8419271782946],[39.76839932578722,48.76630121804651],[39.74432206848432,48.770215110815556],[39.74358278850372,48.77004355330609],[39.72603900450023,48.75133699041527],[39.726546334014905,48.7502787044652],[39.738497873401855,48.7437998963716],[39.70466911991987,48.720753081083345],[39.704698795904434,48.71991307118324],[39.72299844503325,48.683800374244754],[39.70335593232496,48.66949606722691],[39.70297965373846,48.668950226312184],[39.70324516302552,48.667972947610735],[39.716398261761654,48.65510007760172],[39.66113134754022,48.60969532119766],[39.66146331992761,48.608627337141385],[39.68941082855848,48.58634489910778],[39.7915997517542,48.592598718625176],[39.8539989470528,48.56289915302323],[39.86679866507442,48.50780073163144],[39.84764851861466,48.501029274257704],[39.84711803377586,48.50059028948639],[39.84641329540085,48.47397717974337],[39.8468654429093,48.47351456528762],[39.898397917095224,48.44749982592055],[39.8903955451031,48.44160603008936],[39.890140209893325,48.44047307998582],[39.91859844414445,48.39780029802138],[39.90798442248696,48.39047333398009],[39.90764830022967,48.38990700594413],[39.90773723039999,48.389254474687434],[39.923964924557815,48.37526773563211],[39.92463808626415,48.37543639233008],[39.94139789117892,48.386897313722194],[39.93263458758298,48.36328651090054],[39.93310017463009,48.36256725318002],[39.94679709133634,48.35410050961591],[39.84616203556231,48.33297754833082],[39.845571828402264,48.33225078299409],[39.84133308078162,48.31078060482866],[39.84143065632157,48.31011846461019],[39.84230332240669,48.309586977030236],[39.887299350473256,48.30909872677542],[39.91574351175645,48.270750299666304],[39.91661583117543,48.27034841044944],[39.98929953465455,48.316798323449454],[40.02059858014792,48.25349993378086],[40.00959923403002,48.22480118576334],[39.943047481623786,48.2286452566173],[39.94230657241043,48.228377127036545],[39.941995840784294,48.22775667125395],[39.936798885454095,48.18070119863834],[39.910808207609556,48.17973015700036],[39.91011810286304,48.17941707435427],[39.903098967249704,48.14030064296576],[39.870936493703766,48.11661136610265],[39.86929882822541,48.07910087589216],[39.83640269586844,48.06785305841656],[39.83583222359233,48.067354957238],[39.83577448157868,48.06659983522021],[39.83626258737845,48.06602078761411],[39.883696028497916,48.04120094290404],[39.77889509643768,48.03953798193977],[39.77807203422087,48.039082364824864],[39.77791700774006,48.03842822813219],[39.77821117281816,48.03782374907608],[39.81569887779493,48.00109939103592],[39.824898587857696,47.95540087838587],[39.80677052029254,47.9504007373835],[39.79417858661493,47.91939430076447],[39.795498752531955,47.870701231127335],[39.764615672056195,47.87118408037529],[39.76397244605698,47.87096277627446],[39.7636,47.87018420318951],[39.76359893452611,47.84670053695826],[39.73819961347428,47.82790140150921],[39.625400089749476,47.83909358660127],[39.52120035698781,47.825801277512],[39.47747447129921,47.860345106778496],[39.44136689175418,47.854924534888625],[39.44080797185365,47.8541444004826],[39.438998876566636,47.83930089631241],[39.412300501355496,47.82970141038742],[39.38741311635723,47.8708334746218],[39.35868826223762,47.872595096542355],[39.109900306315026,47.842401154527586],[39.07338892546001,47.86940243780395],[38.87966512094476,47.876294130167345],[38.843187923982676,47.86538653453031],[38.82647322935448,47.84547619455434],[38.828398817550436,47.81530110959389],[38.790413065558205,47.81539790447021],[38.78949063946004,47.81479018092185],[38.7840017370848,47.78847941282798],[38.79659865135149,47.77379964116851],[38.789299035930945,47.737000615621255],[38.77054396182934,47.72332372216722],[38.770161174318964,47.722750862258984],[38.772498788501565,47.6856012848816],[38.66631863351123,47.69863324873155],[38.66558853841737,47.69768058542956],[38.66529888708593,47.66950111521388],[38.6287381608282,47.6690761113119],[38.616499212399354,47.64420125532764],[38.45740109617141,47.644081392713474],[38.456824417793996,47.64373643209979],[38.45659627104177,47.64310436815096],[38.456498865044885,47.61740113493109],[38.35101690061966,47.616959175380074],[38.35031238916856,47.61599152167918],[38.35079882266207,47.576301160037204],[38.31196547566342,47.57620218003945],[38.311211057671464,47.57585567121194],[38.306598957972184,47.54460116217344],[38.28618615404848,47.543935363155065],[38.285493828844686,47.543624782535424],[38.28522180984899,47.54301476039003],[38.30279870042072,47.39150115002585],[38.28798262995834,47.39140621917695],[38.287218183604026,47.39104334623934],[38.28698902135969,47.390417411692184],[38.28679890922911,47.37350097516548],[38.25163436926344,47.369153686088744],[38.25100909600124,47.36882500909208],[38.22098407104514,47.3269808309538],[38.22080912316802,47.30631204356437],[38.22109807832362,47.305698495605256],[38.22181074035556,47.30540611511019],[38.33649805545365,47.3060988505722],[38.32283143132242,47.28146551337236],[38.32308333605096,47.28066788691637],[38.33349801698205,47.269200567145354],[38.28846577730561,47.25638481461288],[38.28801303709799,47.255530811218506],[38.28829887343914,47.238600957225515],[38.233897847669375,47.23046803183275],[38.23357514031278,47.22976155054924],[38.230298835386115,47.11930059455281],[38.14669960065302,47.054900609448474],[38.09100573509358,47.02420411276044],[38.13448127092458,47.06394306211206],[38.134753344469985,47.06500318856438],[38.10277614752155,47.101962245313025],[38.06485486455605,47.11249691287303],[38.06411583780847,47.112335668216836],[38.03179973762932,47.09010113952384],[37.982880378202566,47.097478376662224],[37.98199118876966,47.09684193630785],[37.97909920872221,47.086601403707206],[37.890398776229205,47.11107536543266],[37.70830000761894,47.079800997237406],[37.628948435375236,47.094672946801396],[37.58350099400314,47.081401468285435],[37.58268156969038,47.088800598070705],[37.57572781939441,47.09624365931263],[37.57473671608442,47.09652490374739],[37.57399864889845,47.09558679736192],[37.57469875467015,47.08570089261554],[37.520237614427856,47.071380048036225],[37.51987062370434,47.070798400225165],[37.51808434090507,47.062276077217966],[37.52459858177014,47.05419991057471],[37.52209935205981,47.05030115498303],[37.50371328579797,47.049900849586706],[37.52104083741929,47.051744769938225],[37.521766290153174,47.05218324332137],[37.52182185881679,47.05320129794616],[37.51574777771357,47.064856967090165],[37.51514639386802,47.065353229458694],[37.514371489918176,47.065266842326444],[37.43228877243936,46.97878953105832],[37.336115952305875,46.889114874447365],[37.30899956764431,46.871501066891696],[37.29170621313716,46.86810213895987],[37.328185495787864,46.886788986148694],[37.32822304332265,46.887664980947136],[37.31738577216052,46.91241457023566],[37.23769595556808,46.94991132127305],[37.06241433605159,46.88260550883624],[36.99137552093608,46.86532814879349],[36.91248606746815,46.8197464816679],[36.833883741443216,46.699279944802214],[36.79749934482984,46.654400630855605],[36.767699637142464,46.63250122783372],[36.74910173259797,46.63360101925198],[36.76040048335365,46.65709846802877],[36.77771824238646,46.64738254177204],[36.7787142630433,46.6473925000698],[36.829300879135005,46.70114742089391],[36.8293049721794,46.702017776376024],[36.81466352509065,46.732565627159026],[36.7348468722354,46.77668420511986],[36.62826052403155,46.78036419210281],[36.41305243551951,46.725108017771284],[36.32550226611298,46.67030263597789],[36.33186073585576,46.684990402830074],[36.33149338058209,46.68610894562193],[36.330396702129775,46.68615622385012],[36.298783681569205,46.662829973568854],[36.29863704799139,46.661906201000804],[36.30201606659888,46.6520163904423],[36.30243600652473,46.65148943921747],[36.30309492413095,46.651348532429594],[36.3200946213247,46.66609418041516],[36.24852183168615,46.570629119078596],[36.21941801744311,46.54171789361188],[36.172199537561056,46.503500888302355],[36.11220076724897,46.489101310051765],[36.10940150316784,46.49899911865797],[36.14781629356737,46.50835533496721],[36.15550004347899,46.53799613736229],[36.1630330153316,46.51101464128048],[36.163425739865836,46.5104621822313],[36.16417841946385,46.510300257436796],[36.223858298699696,46.54917782943077],[36.266897742311244,46.5986016853994],[36.294199656027,46.64154109595705],[36.29411539742011,46.64272794616025],[36.29353142274337,46.643062050960296],[36.273182764251374,46.6466930383492],[36.27221925785158,46.646324465027384],[36.27201487476549,46.64558413522882],[36.27239576647145,46.64491721531994],[36.28279859772542,46.638399577021694],[36.27210049024626,46.61480360444044],[36.269015896674404,46.634222343989194],[36.268448322871315,46.6347313770722],[36.262240885568715,46.63626989885949],[36.2612075972457,46.635907735420226],[36.26104906761838,46.63499289885921],[36.265998812875466,46.61959997270293],[36.25940016390503,46.595304490787214],[36.25126101170336,46.636429318554775],[36.1901869326776,46.673924590847335],[36.114299974596705,46.65800106723529],[36.03939970913913,46.67009276269422],[35.932007480963414,46.66150859847707],[35.851501365567366,46.63710161810846],[35.853623568820616,46.65389549885391],[35.8534729809052,46.65456117300648],[35.83455147881301,46.66765893636072],[35.83361985829984,46.667765687022786],[35.83311417861122,46.66732617489314],[35.832999447685594,46.666666084237015],[35.83959868302879,46.628100756167306],[35.725462952916715,46.585265550155825],[35.599899312595205,46.489101281766295],[35.452802373371,46.43849407043832],[35.268582383530266,46.25027996789395],[35.23868218995155,46.216277217244944],[35.18819897937086,46.15170111112428],[35.14347521951572,46.12249313747045],[34.98570438793179,46.07880221825282],[35.000250609067564,46.09023262141022],[35.00062443278759,46.09088994496388],[35.00036919564897,46.091695477302444],[34.98980243241337,46.10319898719561],[35.023808081255474,46.10455905446177],[35.024448800723306,46.10526069878235],[35.024213650749815,46.106181313076746],[35.0152022030633,46.114199559762724],[35.039933875684774,46.12290618120136],[35.04014179307324,46.12353852394709],[35.039906727092855,46.12416128471446],[35.02810232039165,46.13569923290622],[35.07305097655401,46.141809109229655],[35.07364332642268,46.14211338150396],[35.07391612712336,46.14281904590571],[35.07361664917814,46.14351380876491],[35.07291630851307,46.1438],[35.036506820930946,46.14380083737645],[35.211869948933455,46.18753716756509],[35.212383138887624,46.188096061238916],[35.22490086065195,46.22199933199025],[35.26855995534716,46.25033249152327],[35.28910109024675,46.30359921571025],[35.352787808409055,46.356244780344106],[35.35315063720783,46.357025703366],[35.35277201875988,46.35779909432419],[35.351932693155646,46.35799149503477],[35.32701366856872,46.35234078120116],[35.317399746887084,46.33170206528182],[35.30055174974718,46.352504608320956],[35.26290083666325,46.34860119276374],[35.25130133177661,46.395599850087756],[35.26567855172552,46.42417737155447],[35.265729963565505,46.424954730686224],[35.265115386691356,46.42557076452365],[35.26425083027665,46.4254720496368],[35.133584243838754,46.34284799464271],[35.10380007426254,46.30200101105743],[35.05579946239468,46.2689012965345],[34.895957136991775,46.239404345977945],[34.833974385961604,46.204454838380265],[34.8132993056026,46.16170136114869],[34.8017159735289,46.163811768418185],[34.80071116592589,46.163205693748395],[34.80097406731379,46.16206208206401],[34.81408955066439,46.15060838522102],[34.805628253114065,46.15683169930921],[34.804618862386405,46.15684119297877],[34.79930243796052,46.151161622236906],[34.799746940269394,46.150044342882566],[34.80229884242539,46.14949905101581],[34.80229882651727,46.14870107720135],[34.79880102784154,46.148401230653846],[34.79824428042596,46.14921762774983],[34.79722787985918,46.149137395089994],[34.78359975598372,46.13490144084927],[34.77480276242912,46.13939979111361],[34.7784109318493,46.14072998866541],[34.7786815668281,46.141451857322004],[34.778302211905206,46.14219963645571],[34.7798184002272,46.142804121316786],[34.7802321271022,46.143326526162326],[34.7798826977047,46.144453255338924],[34.76440340575284,46.14850018648521],[34.76755751661234,46.14995157823936],[34.768255703273134,46.14995308220368],[34.791190407674065,46.158595667203684],[34.782823154200706,46.15414669464025],[34.78239644063495,46.153513677794365],[34.78254073190834,46.15276402799426],[34.78346410441688,46.15231742097796],[34.794352581786335,46.153321481001214],[34.79485659037575,46.15376960880089],[34.799850174225604,46.16291912092365],[34.79985223634615,46.16369413335646],[34.79939037552623,46.16419646273117],[34.690754867011606,46.18408380091513],[34.603067426558944,46.170732491029426],[34.6026923682424,46.170191718465276],[34.60277602694868,46.16944863096733],[34.6443986094389,46.09240006852635],[34.58809894500095,46.00900111726327],[34.55521232229601,45.989443184973354],[34.55472479816004,45.988531492888534],[34.555304680209325,45.987675572886666],[34.64849857960675,45.944699445630725],[34.63829923513216,45.920201132048525],[34.61464206116203,45.91991381525599],[34.61371698430504,45.91926275406683],[34.61758334598153,45.89186102426021],[34.61790379486877,45.89126197417659],[34.618533071693236,45.89100592892627],[34.61944004063962,45.89150705870391],[34.63459769910788,45.91789417736588],[34.62769891334573,45.88860100392201],[34.55388576348407,45.86487650488046],[34.55346138651275,45.86411386803426],[34.55219876085196,45.84170062000616],[34.51011833114145,45.8063154138339],[34.508015478154114,45.80600350554549],[34.50774852069254,45.80490298552277],[34.50949874576697,45.80209994422883],[34.50779925721037,45.79880123161782],[34.49750082033581,45.79890118529311],[34.496750913974324,45.79949890952352],[34.49150163159101,45.79990096332198],[34.49189787206394,45.80087641167394],[34.49172703683224,45.801576081717435],[34.49242956520477,45.80198126572624],[34.49310075796997,45.80339891411246],[34.49829834429097,45.80379872566806],[34.497213117690336,45.800452676563744],[34.49770548112272,45.799647581639384],[34.4986484746836,45.79961066645393],[34.506491002848556,45.8044412531439],[34.50675670006152,45.80550833220979],[34.505881615860886,45.80617427543832],[34.489182112304064,45.80562684593463],[34.48865819818546,45.80508986231453],[34.488655164783495,45.80433964353951],[34.49077502530225,45.801999075011196],[34.48810065078858,45.801901188360766],[34.4871015874338,45.80359965040924],[34.48772466693943,45.804177422639995],[34.48778416166588,45.804943946473934],[34.48690392763554,45.805629675590204],[34.46291039665094,45.8049412813972],[34.462185456539224,45.80447221607997],[34.4621340006356,45.80352176762956],[34.473453490005525,45.7846765926308],[34.47426791101741,45.78419260666675],[34.50796341823922,45.78943156567589],[34.50857967352774,45.78990242098965],[34.50867399959619,45.79067221180535],[34.50827461020648,45.791226096126856],[34.507203835199206,45.791699529922425],[34.51487547937367,45.79289617860369],[34.5145053065921,45.79134448841961],[34.514886366128756,45.79079673552524],[34.51552714783021,45.79061062154177],[34.54808798533035,45.795688512883714],[34.66210052011799,45.8718989009859],[34.76069932877873,45.901798585913106],[34.771191948989696,45.87613622888605],[34.772251444788346,45.8755734179271],[34.772846887128075,45.87589980541181],[34.77830920697423,45.88211985497227],[34.77823379008265,45.883234823582065],[34.777201928931866,45.88370067949955],[34.77879989145268,45.88569799203722],[34.779651628999154,45.884671258570236],[34.78074060948816,45.88485319768167],[34.78229969822347,45.88662032775676],[34.7824866985207,45.887242416315516],[34.78314983785536,45.887576482902745],[34.79269594122034,45.898394055885944],[34.78738389728492,45.88808514555741],[34.77449905606842,45.876201288873446],[34.77170136780848,45.874602015181075],[34.77118271876801,45.87560315457621],[34.770083659730055,45.875503788335024],[34.75969985430116,45.86540138860712],[34.737615857238566,45.87933754787611],[34.736934738505056,45.879480956080776],[34.67488091740194,45.8567761321695],[34.6743760129549,45.85636582891065],[34.65926609405982,45.80256419481613],[34.65931776198142,45.80188270937523],[34.65970761085841,45.8014412062552],[34.66047509825348,45.801325245693484],[34.74222492788305,45.822078513700994],[34.74295000224804,45.82280922805375],[34.742501319884234,45.823900493445684],[34.74320081232343,45.82639851432941],[34.75299932283571,45.82339906484941],[34.763297344619815,45.80880190464913],[34.744441734075004,45.814387634348144],[34.74351384727015,45.814194031323886],[34.74317381800322,45.81360795344259],[34.74333795012677,45.812856036887545],[34.75289192070604,45.79925505287518],[34.754052905747976,45.799192102230755],[34.76459982861105,45.807398610432024],[34.78189825492888,45.79249990741497],[34.73749950870129,45.745201293968066],[34.70796874251808,45.747821225919814],[34.68141389830084,45.728944502578365],[34.68108552575363,45.72836145540297],[34.68119833675313,45.727701875069044],[34.682199516718725,45.72719865925771],[34.682898034341974,45.72640053367298],[34.679299971975055,45.725201289755844],[34.678010288588865,45.725988184752],[34.677252385007954,45.725961000427716],[34.67203101204024,45.72225664944077],[34.67173937905732,45.721187289915925],[34.67242092366442,45.72053935666084],[34.71705899906835,45.70824828108214],[34.87499570981159,45.7503978558343],[34.84477990641488,45.72664874433885],[34.844404087976734,45.72597413354695],[34.84483939807462,45.72503296881082],[34.89479635983943,45.69140122774292],[34.876703109614766,45.693036420939094],[34.875994885945936,45.69282653233423],[34.87006892479624,45.68021938213325],[34.870010756783124,45.679544453713646],[34.87038537486454,45.678995824787016],[34.86955522608529,45.67882014452681],[34.86906417309344,45.67802537342438],[34.86916766182884,45.677160673694594],[34.87030397102235,45.67669860703555],[34.87069845393927,45.67540105264696],[34.869842744040874,45.67520829869257],[34.869431953246654,45.67464906911659],[34.86931360400443,45.673118069848705],[34.86970110402731,45.67244430932789],[34.870454072180834,45.67225156995224],[34.96499975205091,45.686398754572416],[34.95987614622803,45.6723936017913],[34.960974269538745,45.667580961715494],[34.96144511408795,45.66710583876784],[34.96211013301875,45.66703382330706],[34.96626969835758,45.668931594868084],[34.96668579630611,45.66977113655614],[34.96613963361547,45.67063496614985],[34.96311036591571,45.67070085205044],[34.966629069239794,45.67139147828401],[34.96903902677011,45.6713357255707],[34.96957134526756,45.671778316428686],[34.97020024415162,45.67359743064698],[34.97249845411033,45.66950029653937],[34.97040060340973,45.66780193616713],[34.969752287312915,45.66984994326349],[34.96873074205722,45.670284397338044],[34.964510977242135,45.66760976418552],[34.964286963662204,45.666625815299376],[34.96560496791701,45.664316227533114],[34.96652246765805,45.66413293037255],[34.967200596811814,45.664798559168815],[34.96869937568752,45.66420106641021],[34.96720041826611,45.663601485008236],[34.96651072200419,45.663994704394035],[34.96580010913306,45.66380146596655],[34.96293872418243,45.66643770478176],[34.962264405380935,45.66651426459131],[34.961696496445995,45.66614271823874],[34.961506094726815,45.66539577493483],[34.96219932729931,45.66330398324888],[34.969897237416944,45.65870032912587],[34.95982320526647,45.655583107270445],[34.959215100627425,45.654765308660636],[34.95956281619383,45.65389812931576],[35.027399241132045,45.63879892604074],[35.0419617704366,45.61549217385323],[35.05539915879667,45.608599040307105],[35.073499010993324,45.5821995632181],[35.07742515981443,45.565672855801225],[35.08689902585744,45.55809924882844],[35.102599318580715,45.52209976256361],[35.110395464074266,45.49271537292225],[35.09963417238249,45.52579495156496],[35.09828753794155,45.52810713280935],[35.09752283661536,45.52851386032161],[35.09687212846434,45.5283072598337],[35.096498943838746,45.52770102177257],[35.095502597757545,45.52737496852282],[35.095146235507805,45.52669427699854],[35.09719784318664,45.521602333263594],[35.09320126604108,45.523700621495514],[35.09356854066943,45.525897095007394],[35.09311458568218,45.5267149762191],[35.091179539849904,45.52660749116758],[35.09060001183696,45.52568101306524],[35.09746059675961,45.49377356531404],[35.09791637620635,45.49328276024016],[35.11129764461209,45.486300037882536],[35.01963345254531,45.442114970164425],[35.00429917207108,45.39690104373258],[34.969775586355965,45.39357678843618],[34.95691026284541,45.37606911573898],[34.95685947666363,45.37538057484334],[34.957266948199354,45.37482322867729],[34.98052285338884,45.359373164042005],[35.07939549600134,45.357908514140824],[35.080288432543256,45.358431323106004],[35.081573261769485,45.36080892343883],[35.08151901809093,45.36169015872463],[35.07564367746913,45.36717021759531],[35.06830107935951,45.3666011851091],[35.068001164188495,45.372499394389315],[35.06847445824874,45.37310729724799],[35.068374270610995,45.373872572845244],[35.064188074912956,45.377819468397924],[35.045366625916245,45.408546578155345],[35.04464922854777,45.409015042727084],[35.04383247305981,45.40875614407479],[35.043515954389754,45.40795994436946],[35.04498991393872,45.39881676099926],[35.06009069267755,45.3799108013253],[35.04350090086192,45.397800569716246],[35.027003739037426,45.43909281843427],[35.066712626788494,45.378512140946356],[35.120218200109065,45.34038465992069],[35.20459968520872,45.34059854601272],[35.2516983580477,45.318999486055276],[35.243557648495965,45.30522428267625],[35.24355794319435,45.30437730868615],[35.24411540362215,45.30386372566176],[35.244872969475225,45.30388869824197],[35.266300052141084,45.313498825900325],[35.35479926201782,45.28289878270148],[35.36569818071333,45.27260007428953],[35.36536229053386,45.271817909334565],[35.365750413800754,45.271060525066375],[35.37779860351019,45.26349957826328],[35.3763991255006,45.26040119473624],[35.37470049116456,45.26020124737021],[35.365289148079775,45.27129489910595],[35.36424394787394,45.271607282631116],[35.33438202083503,45.252211775200195],[35.334216751770676,45.25154294281474],[35.334523294174865,45.25092594818113],[35.35561025669078,45.23107235392033],[35.356296122370864,45.23106693313233],[35.3567694841604,45.23142098350108],[35.37500067367711,45.25649889463168],[35.45569868174105,45.268898659854344],[35.45453769658733,45.26037170246778],[35.45493828784649,45.25953151511316],[35.469099184858784,45.25852319781616],[35.469864999721125,45.25908226047432],[35.469866503491545,45.25994232872117],[35.463102258582644,45.27119842779968],[35.47714814242544,45.26854702764576],[35.4777935543115,45.26871150269885],[35.47821690592247,45.269338675120906],[35.47781294462273,45.270361174048894],[35.465542684560496,45.278887568675785],[35.46486497834418,45.27879526065036],[35.4644051185097,45.27828896486742],[35.4646986707679,45.27660031144948],[35.46149954245015,45.273301217436696],[35.45540336729806,45.27380081646599],[35.463625831545876,45.27898020465836],[35.46383663999086,45.27990275300209],[35.46310182382451,45.28070018611171],[35.47479952242786,45.29314377928841],[35.47499604245102,45.293896785771295],[35.474593225373305,45.294562651587114],[35.43181430458782,45.309134677977156],[35.431052776721806,45.30908575908754],[35.43049894850829,45.308300914994255],[35.429200456904866,45.30800135767268],[35.42870160431249,45.30859985860688],[35.42898427535357,45.30970826117651],[35.42846074787537,45.310268225230814],[35.42659818058254,45.310859712708066],[35.42487746758693,45.3103084496549],[35.42410153720326,45.31060062374966],[35.42411735660071,45.31137612655104],[35.423598729000076,45.31191926635661],[35.4136307119303,45.315308641995756],[35.41295331400286,45.31529626295675],[35.412394896376014,45.31476675553914],[35.412377939365506,45.31399739163885],[35.414737945038546,45.30935981827969],[35.415318529184084,45.30886372003989],[35.41537903229704,45.308102949838705],[35.418896650611316,45.30120443161372],[35.32066172286002,45.392357826255385],[35.319735968741504,45.39250934154642],[35.306100396571345,45.38790141101018],[35.22444503341998,45.485448900956506],[35.08600586378454,45.6083851731174],[35.08526470629678,45.60819149874596],[35.08489614371175,45.607626737391755],[35.08508551692823,45.60506770800423],[35.08566619267195,45.60456002955305],[35.08819875856168,45.60409975716094],[35.088198815489704,45.60350134904532],[35.08570824320145,45.60365619407581],[35.08520399716113,45.60308375710287],[35.08518173562378,45.60191660397838],[35.084101142694095,45.602900541370055],[35.08371827679007,45.610248171791035],[35.08345488001041,45.61087408249729],[35.00520082107052,45.680500639933555],[34.96436539208423,45.75885032965398],[34.8956398777062,45.858720396949025],[34.894903540966816,45.858932420897716],[34.87507871057481,45.85651061003551],[34.84789948857494,45.82140138512117],[34.82202371970819,45.82678302181253],[34.82125983458814,45.82663232837805],[34.82084491798237,45.82558236087758],[34.82449692132858,45.809510603031015],[34.816001238478364,45.833399887591675],[34.84015424867627,45.87541033926823],[34.8373581807303,45.91263798493482],[34.83798993950383,45.912350244747316],[34.85642090407614,45.911021088648354],[34.857149521281166,45.91126433660446],[34.85749065766189,45.91195257970785],[34.83700153552873,45.95729956177195],[34.83999950865209,45.95929833115419],[34.844832226056994,45.94849129222254],[34.84568033481768,45.94830767177003],[34.846352687653884,45.94885625777438],[34.84610184519927,45.95149468123628],[34.847616585444804,45.94881439412479],[34.85089771685896,45.94630035293174],[34.850199912486566,45.94546254144134],[34.85060807991471,45.944534028720994],[34.86713138497429,45.93489541787862],[34.86805864929686,45.934942990936975],[34.86854710206459,45.935732608701144],[34.843075469322144,45.981711610919945],[34.841948968045735,45.98188539468895],[34.82720125767382,45.974700244994864],[34.83294027725906,46.01164146171558],[34.83280727555779,46.01231340492333],[34.83207873233845,46.01278696179974],[34.83132952845211,46.01257754197733],[34.82414716642498,46.00542526533607],[34.82432779901602,46.004492423972245],[34.82520683323951,46.00413170250499],[34.827998885387174,46.0058978851272],[34.82799898073058,45.995100186815826],[34.82470047275872,45.98640408550776],[34.82268927052287,46.00292566913874],[34.82209300263443,46.00362341426171],[34.81169286670636,46.038260304470704],[34.78152250819311,46.05325782544564],[34.78065638831792,46.05270067813542],[34.75909959812486,46.00900182053656],[34.7072011049934,46.05080049700376],[34.708661309496954,46.081584920069226],[34.70833543673715,46.08237197522483],[34.671408603499984,46.091898623723374],[34.679209413986065,46.09137389883887],[34.67989707266149,46.09167540935778],[34.680181055612216,46.092370489734854],[34.67990125806501,46.09306726543727],[34.67549375684719,46.09761451098942],[34.67454957830392,46.09771985132296],[34.673899371376834,46.097001388863525],[34.672601666531165,46.097300806695195],[34.67342886523744,46.099607148422145],[34.67120253368678,46.10209898609785],[34.7622988816662,46.105998854062065],[34.76201026970665,46.090257987394644],[34.76224155693171,46.08959978800302],[34.78763349827193,46.0732282843804],[34.78855057018224,46.07314314040116],[34.81864996220025,46.10216136408297],[34.81894996237358,46.102783287112075],[34.816369218880396,46.127586377104805],[34.81608315495389,46.12818780873519],[34.814918590459605,46.12837201776692],[34.802800607950076,46.12060178536181],[34.79700141640683,46.13679949200928],[34.79962752285575,46.1385029643809],[34.79968647295098,46.13943281403418],[34.79885719029344,46.14002040091813],[34.79710039332761,46.139401390329084],[34.79630132655685,46.13984055825499],[34.79546309567504,46.13942906641474],[34.791300411080165,46.13050331248202],[34.79084544289974,46.13279354200303],[34.790047854863026,46.13340970583572],[34.79055927564459,46.13418412148612],[34.79020137141684,46.13629961647016],[34.796182988669166,46.14265224976289],[34.79820067843493,46.146298929564644],[34.81109800570397,46.147398715157145],[34.81115536295339,46.14631464067599],[34.81210804504618,46.145910726237155],[34.81759975721344,46.149098472249264],[34.82579882836979,46.139699413692476],[34.86169425281956,45.97184824716376],[34.9743881831576,45.762721924594025],[34.96571776769508,45.75930871434678],[34.96519362711757,45.758628537192294],[34.965390221656676,45.75779264551649],[35.30560190229465,45.40930216187147],[35.40220345925549,45.33650591660359],[35.524880360043305,45.28283980999731],[35.52553724030249,45.28278936171238],[35.71882745675087,45.334050357434414],[35.756727422918466,45.36881326722958],[35.75681852298353,45.36960160873953],[35.74970131348112,45.39319947864779],[35.82159283506171,45.4345869601468],[35.82193233158773,45.4354466092728],[35.81930124531801,45.46059926462908],[35.849600033000115,45.47339886914023],[35.87239755930736,45.46529966835011],[35.846216988803754,45.446942907279386],[35.84579336382081,45.44619195177443],[35.846042212194746,45.445461358661845],[35.870632727540226,45.41768422489315],[35.97460592859129,45.370149825379215],[36.04876239532163,45.384580691198245],[36.07332552245022,45.407382822437995],[36.072301114473674,45.441399262470014],[36.1250002452832,45.461799165750016],[36.285299941389056,45.48099900341801],[36.327836117592064,45.470782455845885],[36.34490010366478,45.48309849368257],[36.41386295397597,45.44586547861692],[36.47519988933807,45.45609895315462],[36.55645007312996,45.423970199199154],[36.59689969275048,45.43819858507127],[36.614298578650974,45.42139970386287],[36.60910845536668,45.40884590115942],[36.60931606920946,45.4077661541277],[36.64699795328852,45.3816999782243],[36.59789970992172,45.34620114981058],[36.4832485341341,45.36127239316734],[36.46192186963584,45.3367520299854],[36.46171966956515,45.33581568655548],[36.46221275362086,45.33521381728901],[36.49469742015501,45.31810011886676],[36.418227009453574,45.286291963415955],[36.418070971093016,45.285281080778766],[36.42819382235901,45.260326758963636],[36.42888711830045,45.25996299120047],[36.42963000029056,45.26021020082144],[36.433214430833125,45.26407539009609],[36.4334803985408,45.26477172484293],[36.42750488949638,45.27609258381987],[36.43599859060004,45.265399943216586],[36.402667234629696,45.21563020452924],[36.40529515289022,45.17306495371706],[36.45329838137791,45.101400326014364],[36.40649960878676,45.07060099327399],[36.26660128158362,45.05330761289124],[36.221899712892274,45.027901395568925],[36.0280057301862,45.049668691046634],[35.95599976844275,45.012401361319405],[35.911101716597216,45.01877656365574],[35.840500403991456,44.9979014381694],[35.779888634084756,45.06488480506802],[35.69499778426294,45.10579358966359],[35.58459940669913,45.13008342811954],[35.5011922494742,45.11790934219111],[35.38960139262466,45.05583172707396],[35.386391894371876,45.03045238516973],[35.38660489001855,45.02970490579159],[35.424897058108456,45.01360004131713],[35.36025638878568,44.98874462973067],[35.35974261261552,44.98829957552129],[35.35977864260573,44.98726347945765],[35.384697410443394,44.94920199797065],[35.32259750164439,44.96997985631057],[35.26012364225267,44.965140079065456],[35.25966001904264,44.964647054185875],[35.240499165646895,44.92050093745003],[35.157739097868344,44.895383597759505],[35.12959892946986,44.82440087786568],[35.082999770011845,44.79430127490588],[35.04800076448333,44.802001080811735],[35.029865425014926,44.830821963781226],[34.96870564928843,44.84225649726676],[34.91049973477999,44.816601176835974],[34.72734272546774,44.81174096388674],[34.457030984031114,44.710230965829076],[34.41627801291584,44.67304602039055],[34.37279921048609,44.59250085630886],[34.349921836663555,44.5822556912598],[34.348598930758435,44.54930123874204],[34.308924123710554,44.55361855344861],[34.25139957980993,44.50660095063553],[34.16789961464516,44.49423832013293],[34.12799920961096,44.42860110098972],[33.96679995919421,44.392701003589586],[33.85945352950942,44.407586852799284],[33.762524200349944,44.38980444547192],[33.76574119527,44.39240563717053],[33.76591435009143,44.39306770971371],[33.76554683843169,44.39375253474948],[33.764701589160076,44.3939505691231],[33.73660041841679,44.387701275511304],[33.70751975345619,44.420860232329126],[33.648300868826745,44.42800103471561],[33.635868097569826,44.469079841621785],[33.59848931006768,44.50301122192361],[33.59763208858169,44.5030919532428],[33.557799869812214,44.48850115993516],[33.486100572549205,44.49770136680181],[33.37800221460022,44.58259963731039],[33.4010993131329,44.59079854546369],[33.40977843682046,44.56682689234744],[33.410212462034494,44.56630490071159],[33.41087979841379,44.5661803402396],[33.41171120139506,44.56704487617614],[33.41490074903533,44.59289745703479],[33.42902113871491,44.57598483918642],[33.430185983341936,44.57570795914396],[33.430720246247425,44.576261823974434],[33.430702902544084,44.577031175843594],[33.42220178025471,44.59619874277351],[33.446642869534855,44.59445165729976],[33.44720071985739,44.595125818841815],[33.45050093147701,44.60869900070039],[33.46639859708982,44.61139864477546],[33.4642878580304,44.60076929419489],[33.46910705737155,44.59433615997126],[33.46997042708279,44.593949348731904],[33.47058885939548,44.59422287634332],[33.47089182258936,44.594827433356954],[33.472800999764736,44.61069856639274],[33.49839894181852,44.60469879997653],[33.49918653625967,44.605373935592],[33.50290087954942,44.61669886500024],[33.526098946648105,44.618198791157994],[33.5271688847942,44.60358553909263],[33.52749426013749,44.60300347942693],[33.528113220312505,44.60275538494858],[33.529094040494805,44.603412089258605],[33.53250092352311,44.61659868299625],[33.585947297507374,44.611491067150034],[33.58667138851994,44.61170907299833],[33.58702005059136,44.612276051593945],[33.586887885906386,44.61302060974507],[33.58627227308502,44.61345976256418],[33.510302224608424,44.63140060089638],[33.54394211043751,44.66358042831126],[33.534001018291754,44.791099872345725],[33.552490924843,44.838476747976124],[33.574255772025005,44.820253223462906],[33.57489157091417,44.82001943821733],[33.575530496431284,44.820244538088694],[33.575879348360154,44.82082522569854],[33.57577804002679,44.82149502595989],[33.56990151301856,44.83019973336531],[33.59826022067095,44.850829318903536],[33.609788245320054,44.88480095626658],[33.60195864020599,44.99938161636867],[33.568217748235625,45.073846520542084],[33.5124456820982,45.1335213201447],[33.390947400900394,45.19700622960576],[33.25920007823434,45.1475014330165],[33.147700541707884,45.2040008652921],[32.98789679829562,45.32539463689537],[32.908495413435425,45.36148006773022],[32.75635214869811,45.3653809886682],[32.64999984959948,45.3147010969198],[32.49360209700368,45.34680072032711],[32.51383111972413,45.37049931167684],[32.5140370609377,45.37140521914513],[32.513583246113775,45.37200714732063],[32.47960202050417,45.392300161991606],[32.58360071246429,45.47959881391761],[32.69189922741639,45.52329851377866],[32.694626950422936,45.51159495549552],[32.695212563749784,45.51098268167707],[32.69597065461161,45.510996802656194],[32.789400096490866,45.562598813533306],[32.8276156875271,45.54897953700957],[32.82838740700062,45.54902154829238],[32.84402794021495,45.57571125469251],[32.84414676517863,45.57638803522922],[32.84354427486139,45.57713625005728],[32.820402336865286,45.58670017430163],[32.908477785954524,45.63958666148689],[33.1395926482136,45.71968277288993],[33.154080121456175,45.738509495538175],[33.167301436751444,45.79299938429604],[33.1757944228096,45.80619015376763],[33.16808166466649,45.79016686475542],[33.18124966145658,45.77269789939911],[33.24350514559111,45.75135473718711],[33.350647427785525,45.78398959810962],[33.42140044931058,45.833099219164026],[33.45427187073287,45.84518965458564],[33.46489204025176,45.84639828720283],[33.46120192248606,45.845131927654975],[33.4608668300712,45.84416778378294],[33.461497710751104,45.84330071101737],[33.45880079769736,45.842801306600144],[33.45839197106015,45.843739004393974],[33.45747686839157,45.84400737451021],[33.440853737219435,45.83866126580903],[33.44032452660718,45.83812062144799],[33.44032539463475,45.83736407703834],[33.4417981145198,45.8362998001046],[33.44029965035939,45.83500124172025],[33.43910156555516,45.835200957261556],[33.439569381932664,45.83707536877597],[33.439219441379386,45.837661691678534],[33.43857478372848,45.83788674600536],[33.43658865107762,45.8372745086148],[33.436076247017844,45.83645499368846],[33.435085240727325,45.8368060116173],[33.42795292447279,45.834511271658066],[33.42083751738979,45.82940226819113],[33.42043827888352,45.828766776620746],[33.420543721161664,45.82811472477308],[33.42129868392875,45.827299723266044],[33.420752922881746,45.825408971247846],[33.42158971974393,45.82464694245071],[33.4471268680632,45.8237807554238],[33.486300242260484,45.85509863593263],[33.54338165047939,45.83594110693253],[33.54406563970417,45.83595843624341],[33.56650067598158,45.8685992006694],[33.6137000343316,45.89029862779176],[33.657399278555566,45.872799003329604],[33.68121790298656,45.84444094041289],[33.681807620036274,45.84409969027849],[33.68256275091835,45.84426881286683],[33.682982855644596,45.845124103333006],[33.68050118430857,45.907099111555766],[33.76011273843901,45.926880173580024],[33.760724921045735,45.92732925849306],[33.760845219465764,45.92807890713958],[33.74751187645725,45.95098682769431],[33.686081439316574,45.96107034729616],[33.617901754880215,45.94720147474227],[33.63184214905301,45.98294181653099],[33.61300130594586,46.04979971245946],[33.64180370313343,46.083420704681345],[33.64204426801275,46.08406471037667],[33.617601334448665,46.12050053572257],[33.61508372869263,46.13463917719906],[33.58425251785569,46.15820235188854],[33.58351268321194,46.15839826967602],[33.53779963510005,46.11830129629102],[33.51191716488405,46.12285082815225],[33.51103406162301,46.122570202652106],[33.5107605245272,46.121684878136335],[33.51480035794033,46.09974123755139],[33.51515162532406,46.09914749416086],[33.574294877579476,46.07530101634533],[33.49893112448147,46.07599327480766],[33.498300394404616,46.07577670585159],[33.491701761632655,46.056214319000915],[33.4917505085385,46.055469140902034],[33.516897848142726,46.03240050934966],[33.49920019040635,46.027401395823524],[33.4601822542304,46.050916019370575],[33.41695910631635,46.03858569761769],[33.41652298801282,46.037960823601864],[33.416653736649394,46.03721010960548],[33.42209492292257,46.0302051769448],[33.36540147912253,46.0761003017111],[33.37453602491446,46.09331789310803],[33.37436606020174,46.09448738193748],[33.37328850165681,46.09471793975042],[33.36020025035712,46.08960140006368],[33.33110395107367,46.11535668482015],[33.330415710479436,46.11533849642786],[33.32990234196065,46.114879738651815],[33.31075717449049,46.078983388927725],[33.31105089021111,46.0778255805685],[33.31168846295473,46.077601731045846],[33.312299851064964,46.077798537050626],[33.31489715374736,46.07560096461209],[33.31080066706718,46.075401229842285],[33.30986164280396,46.07611276752168],[33.30897617280851,46.07570155606148],[33.2845009605076,46.07730112111416],[33.28020131401929,46.096599193151604],[33.30980974361232,46.10416798558781],[33.310313666939166,46.104477168411016],[33.310561909629065,46.10511667031749],[33.310272977636345,46.105840169031836],[33.28346686915299,46.1328183717826],[33.217811890966345,46.13156932537243],[33.217123225133584,46.1307031299696],[33.215260371714514,46.108887228646324],[33.21555067352418,46.10819362345537],[33.21624217868148,46.107898354223934],[33.21829891108829,46.10879823810385],[33.21829876331893,46.107301065014184],[33.215622389936954,46.106961754204065],[33.214998966979174,46.10590121117368],[33.20270122384516,46.10680105961645],[33.20470120024884,46.13509938565731],[33.225565608395144,46.15250403280885],[33.22590618791975,46.15307852310542],[33.22563732514801,46.153973890658634],[33.2060014332055,46.173900260391946],[33.222533948290845,46.21105877038561],[33.22240654886171,46.2120832199165],[33.22153896486905,46.21246198369293],[33.22085576036502,46.21210986294379],[33.20229961427571,46.190101255019776],[33.18822168721591,46.194056649998146],[33.18762869476142,46.19404054144394],[33.187093338246775,46.19360795545396],[33.185498830013366,46.15490069047597],[33.1348998568147,46.12440115523504],[33.01952763684037,46.15947815493439],[33.01141705155602,46.15277701375685],[33.011251130083856,46.1516176121502],[33.03069827229007,46.137999841947426],[33.0154263207641,46.12263086026887],[33.01514259569125,46.12180810829157],[33.015452268870135,46.12119587633755],[33.02719738965374,46.11020097245685],[32.90970027168883,46.105601260704574],[32.8732936558572,46.12372267407887],[32.82899993606278,46.11010126938988],[32.767428939736675,46.12247537144402],[32.60160082011163,46.098596466255216],[32.54635031019385,46.080691189004874],[32.54587221869817,46.08004871495498],[32.54249915571422,46.065501323186005],[32.22750123112762,46.1317009647548],[32.22880107991833,46.16959886969499],[32.244730958275944,46.16941998917203],[32.245356091590175,46.169630490678976],[32.245714143907534,46.170184477215834],[32.24564932575351,46.17084090783052],[32.23770172727119,46.184399273596966],[32.255000526688164,46.18871285706446],[32.25566390693393,46.18958657101953],[32.25512668684379,46.1905430457973],[32.207224786244645,46.190381189938556],[32.19339987790896,46.17620149566153],[32.165703933857756,46.196998312474754],[32.17895481204241,46.19486663299653],[32.18677348396898,46.1979535359503],[32.18770524570323,46.20068543957187],[32.1871315960732,46.20165537818564],[32.12670041736548,46.20410119393628],[32.05302638370611,46.25811560129469],[32.04921387156853,46.25659036383234],[32.04859906502906,46.25490091528954],[32.04750048254018,46.254601288732744],[32.046975899043375,46.25516156861199],[32.04619265058704,46.25522020367688],[32.0288998324438,46.247301187783044],[31.99570163529108,46.252300883091515],[32.00103817534984,46.263919867048735],[32.000946892688454,46.26476759509467],[32.00023496587685,46.26523678117614],[31.973800315482205,46.25580132351241],[31.941076326486286,46.290457642044],[31.89330123447096,46.30040085296516],[31.89530105851689,46.313047398898114],[31.89510211504241,46.313705220116944],[31.89452559621832,46.314079296723335],[31.893843796071906,46.31399294961955],[31.888130518748305,46.31104213605682],[31.887612921330067,46.310369210922794],[31.887932696308255,46.30939950411507],[31.88959926439485,46.30859918143759],[31.89189794834142,46.30440148099243],[31.88152381701476,46.30629564881461],[31.88056209855874,46.3069997134108],[31.87840541451484,46.305998214469916],[31.878029167383968,46.30514614558005],[31.878292985635834,46.30453538450033],[31.89609271424824,46.28530685347065],[31.893411430308294,46.28747488224705],[31.8922326644659,46.28729761921775],[31.87409969819529,46.26510137979168],[31.85949921139948,46.27220159315752],[31.846980017547434,46.27299639320488],[31.846083865883244,46.27235883972637],[31.84517795332152,46.27311568550339],[31.828395492087207,46.27417693269647],[31.815201039440698,46.2638022168134],[31.815013048277454,46.275951861965645],[31.814619109716283,46.276731987146306],[31.79328164893423,46.2800437526908],[31.792500067229415,46.27972877717955],[31.792236687478145,46.27892833315239],[31.794098456272867,46.274500553144186],[31.777600868018084,46.266001656984606],[31.77381323314711,46.29399890609276],[31.773134613262876,46.29439733241744],[31.756602403466754,46.296500791284956],[31.78350069781451,46.322198705949255],[31.834700128607743,46.33399909377917],[31.887440838694342,46.33241667604596],[31.888318443983497,46.33308721235937],[31.888102141060976,46.33409945845122],[31.90370010705056,46.33869906258142],[31.91378685338801,46.33810021243984],[31.90631276612863,46.33788188586277],[31.88921675532591,46.33433189454855],[31.888425730496763,46.33345904373319],[31.88863542133119,46.33273283828747],[31.889293416120722,46.33236083364719],[31.89779976903505,46.3321039382925],[31.914806110670227,46.33462748828089],[31.915552736106424,46.335456789785475],[31.915002514814837,46.336499791384526],[31.917900084303557,46.337598759824566],[31.921798970180294,46.33669903378079],[31.922182779009468,46.33602490298628],[31.922838780278816,46.33581916255405],[31.92422259891573,46.336024369902084],[31.924788463014227,46.33640801619296],[31.924941687543484,46.337261668608065],[31.924403397198333,46.33789949540877],[31.933875402453577,46.33939611617688],[31.933464634725343,46.33886462580351],[31.933472809894347,46.3381955001897],[31.934460779067834,46.337542814575755],[31.957799058386293,46.341003903146444],[32.004982207380536,46.35698320867556],[32.02480039580366,46.38479858326543],[32.02566804204049,46.38480299057596],[32.02622471838692,46.384181725983034],[32.03990324881165,46.37837116806591],[32.04063995045661,46.378784129784655],[32.04080135307386,46.37959926790488],[32.043798095805705,46.38079809580571],[32.04393447473503,46.37968343925067],[32.04492282650785,46.37936369780681],[32.06427596179369,46.38604270166368],[32.0648552922703,46.38656418428826],[32.0648842943586,46.387343110990685],[32.01469311844766,46.45135771617921],[31.971540089033127,46.44347352557697],[31.970817147898927,46.4425436643273],[31.971018779275937,46.44190972188648],[31.971573504793596,46.441542546410005],[31.977393235948426,46.44229813171981],[31.97119973924757,46.439701386168664],[31.95932420185858,46.43999938986911],[31.95160525670734,46.44429810739022],[31.968946368728062,46.44111577896877],[31.969949974371513,46.44145844107738],[31.97019660654417,46.442354916036344],[31.969686232273798,46.44302600133625],[31.954195304048834,46.45048243370192],[31.95020395243291,46.45074402936187],[31.94963240651009,46.450375960582654],[31.949437279604535,46.44962889675299],[31.950002320047556,46.44886413872534],[31.959483882469158,46.44550532713465],[31.92579175531522,46.455867056928106],[31.920822979453646,46.45549827326707],[31.9200866525558,46.45491981139052],[31.92006547663234,46.454160117897786],[31.920584466176752,46.45360493101445],[31.95379114660872,46.438403209123365],[31.806,46.4787],[31.745035384800186,46.495630101517705],[31.71308054195656,46.48275773128487],[31.693807050095366,46.44532871355666],[31.694177656100678,46.44446356967573],[31.700918761514693,46.44011028928285],[31.701975212096666,46.440438226149816],[31.702201220586968,46.441598959182166],[31.704699511904813,46.44199865534279],[31.706697111148443,46.43970176084376],[31.703638983137697,46.44037225223362],[31.702934896290316,46.43990905284615],[31.702869322451086,46.43898193779008],[31.70758003462546,46.4357129855012],[31.549526888429835,46.53818256758977],[31.52450068471482,46.559400676999246],[31.506604299191952,46.580996238237844],[31.576912629679345,46.53712728174204],[31.753299819101926,46.54699840905828],[31.85765207072066,46.516719123755934],[31.90249981207642,46.51749865036726],[31.997101904619512,46.488817635040384],[32.12279987932618,46.498798540723804],[32.2042667188195,46.4784926077243],[32.28758157877256,46.4692662682875],[32.2882128131509,46.46947996016146],[32.28856960430343,46.470042828823644],[32.28849349376623,46.47070489244862],[32.288018283831555,46.47117211463921],[32.27750268863287,46.473800430568744],[32.28400778085571,46.47789205824157],[32.28438781533659,46.47856309330538],[32.28411201926184,46.47937925946504],[32.283206069157124,46.479664267581455],[32.274901026599274,46.47720143401309],[32.27470114664007,46.482298753676744],[32.27725011318308,46.482148618808125],[32.2779609532373,46.48316215230484],[32.27795985384701,46.483936941276944],[32.277311494271565,46.484510251625636],[32.27030119530601,46.486500903296594],[32.270301133554725,46.48719887954952],[32.27889829386684,46.48729884514835],[32.27896923113444,46.486310849277466],[32.27979693619524,46.48586447174275],[32.280430996045645,46.48608704435115],[32.28130045958628,46.48709861021897],[32.28989452889365,46.48509735070419],[32.29064439349506,46.48564860433172],[32.29065893620779,46.48649242448064],[32.29020233147661,46.4869755313906],[32.288805054993546,46.48739954779643],[32.29097361655288,46.48779202661873],[32.29133277948609,46.48846417745255],[32.291114048736866,46.489194205955656],[32.290444459790024,46.48955812270199],[32.28640868993892,46.48960070987558],[32.309630614650345,46.49364010689571],[32.310414786988446,46.494330371321745],[32.31033684572535,46.49510476306488],[32.30972730856711,46.495588727800225],[32.275902739453564,46.50500034901769],[32.28160016009779,46.50829860005985],[32.29625746051062,46.503829640737955],[32.30508913507589,46.50512610296743],[32.30583364367454,46.505949717073854],[32.30564752983448,46.50669142307005],[32.305087895224425,46.50706557179024],[32.286104300285736,46.50990038422642],[32.29819028473139,46.51398936101209],[32.29879908024886,46.51456706325427],[32.29858344482312,46.5156372321246],[32.28890191224932,46.52549968627257],[32.296413031810964,46.52931567390654],[32.29686859715992,46.53004752666773],[32.29658560028943,46.530861812257996],[32.29567647353225,46.53113859291115],[32.285602273192026,46.52910161325561],[32.305232072706296,46.56237050024379],[32.30492398816616,46.56314965835125],[32.29014507412581,46.577198510531616],[32.24369971267739,46.59124656670221],[32.13740054053992,46.55720147881562],[32.10398179038144,46.61037080700186],[32.05170030281974,46.61480102011686],[31.982201004183043,46.6565008166617],[31.97326645309607,46.71352423278251],[31.934601418160867,46.74720037093774],[31.94390848889422,46.77367317651333],[31.943449692053147,46.77428858666057],[31.942689846373543,46.77439748447456],[31.925704794145794,46.768202782932576],[31.935800295459323,46.77673934070652],[31.93613652976334,46.77769257020959],[31.93580324596843,46.778264135477606],[31.922501982123265,46.7895998378462],[31.951039959776093,46.806933788628314],[31.950601235027207,46.83579918853939],[31.983795597545207,46.84934533003282],[31.98430241658348,46.849804908640394],[31.984395163052106,46.85048275532413],[31.98403042436639,46.85106158494089],[31.964532538956682,46.86601455570822],[31.912213846976883,46.840282492187356],[31.872560234113987,46.79237012151756],[31.88764556957957,46.74420929553018],[31.924098011178998,46.72949958226302],[31.907872216349162,46.7127828899382],[31.897498956819128,46.64510086016193],[31.79579994687866,46.60870131987473],[31.64594398395333,46.6490713724222],[31.586823837474512,46.63785606283156],[31.56371684525606,46.61374137939246],[31.563652847088786,46.61298715375937],[31.564135616589844,46.612404156606836],[31.567399033385836,46.61279861318905],[31.567598671061894,46.61160086307564],[31.564900228520163,46.61090141320864],[31.56293736535845,46.612140447236854],[31.562028151449425,46.612013053355135],[31.550399695138005,46.59990131587432],[31.48151173391574,46.625096106007256],[31.37073266730663,46.62278369169074],[31.35127547647977,46.60120363933519],[31.176102436259434,46.627200741406845],[31.18646841571031,46.6366388687074],[31.186630323804856,46.637736689087184],[31.18567902086178,46.63830804408003],[30.83762031268519,46.551905043625915],[30.7521845037436,46.54524509835057],[30.72959002247117,46.50899692099628],[30.73007572006234,46.508175780031884],[30.758098875397483,46.4913991160409],[30.77159879826102,46.44789998673992],[30.751099049682157,46.37630066289975],[30.682575402509613,46.3261640858973],[30.481182019660935,46.07908488430048],[30.233899400447225,45.87120086254724],[29.71226375753427,45.57543615004531],[29.63515617041516,45.51531900357202],[29.617500981034105,45.47520463485741],[29.61758185760529,45.502893722372676],[29.611096850794226,45.51016164214024],[29.610283948436415,45.51040547947937],[29.60963107457354,45.51001735114178],[29.604798935387098,45.48042109437455],[29.604937410349365,45.47973551249558],[29.6448294893197,45.452048871611744],[29.645964733529993,45.45244710029499],[29.663399928705164,45.47859792999426],[29.67659431105231,45.45550995565846],[29.67758562459117,45.45501369665373],[29.71337190836075,45.46684212773116],[29.713876140612076,45.467639202411],[29.713412828306762,45.46855756330401],[29.7087027811044,45.46990035045602],[29.749794451181486,45.49339586385539],[29.728217992392185,45.472817159411065],[29.72466883839374,45.47127789727817],[29.72448830984404,45.47047812270814],[29.717547635037555,45.457442694808535],[29.717901340953727,45.44882877738956],[29.71868891771125,45.44832792559098],[29.721027962160527,45.448142690890705],[29.721771431734517,45.448488544781895],[29.749997489291566,45.48809490771128],[29.742876883343424,45.46483115225518],[29.74298874161835,45.464002632863256],[29.743786126605823,45.46353954105699],[29.765898429162345,45.46249888239378],[29.747011928373826,45.39836881755726],[29.747622522470113,45.3974522669232],[29.75909882402166,45.39259916454154],[29.763398883311126,45.326100193262214],[29.73760029689504,45.26630325138843],[29.732662165888605,45.2878555450632],[29.732310428692024,45.28841446411355],[29.73131184959793,45.28855905016387],[29.71811274782996,45.28321039454548],[29.717569174858532,45.28267753522551],[29.717598370410723,45.28182752440455],[29.743798596975555,45.230700285639294],[29.71900007823378,45.210001600572134],[29.70715132812009,45.22203526513787],[29.706448333696233,45.222333657813984],[29.70561390133143,45.221899103118794],[29.69779948251618,45.21050127091795],[29.697051455043468,45.21037117052182],[29.696599182804746,45.20970202285787],[29.68805577928812,45.21617858493538],[29.687389838998605,45.21637984022519],[29.68502470809974,45.2149926691282],[29.684758819860594,45.213992491234954],[29.685618809444534,45.21327774017047],[29.68759928978174,45.21379853990738],[29.68949835399036,45.20890114970047],[29.684100804859106,45.20900108506871],[29.682949139897282,45.212871766236894],[29.682501498161074,45.213400463295514],[29.691106262410088,45.23014936120482],[29.691049580233376,45.23100429002029],[29.690351818437463,45.23150152701089],[29.689525215224645,45.231276042472125],[29.67300042668354,45.217101861257525],[29.65940133703984,45.24829977155349],[29.67809270921824,45.26862961235064],[29.66869152839324,45.309534288844674],[29.594399634067194,45.38698958343847],[29.428160794519325,45.44330689269856],[29.325497024220358,45.448385756259555],[29.28869978277882,45.427501136961574],[29.242206241472903,45.434024288035026],[29.16919956374176,45.39480103619355],[28.967123161613806,45.33144854230321],[28.941499423805663,45.27980147475609],[28.79849755245875,45.335007913545546],[28.797825188176546,45.335025034420184],[28.781557281624675,45.32367119746098],[28.781135955398483,45.32275681006271],[28.781411473532092,45.322158332103925],[28.80209801255925,45.300700437189725],[28.75287772494851,45.28157418503916],[28.75224106285141,45.2806901839992],[28.752554708646002,45.27991371853302],[28.791897796867985,45.24290057596842],[28.71459994743956,45.22370130355278],[28.55880019991241,45.24930080241978],[28.349600766313458,45.31990115476813],[28.282601058824802,45.3956004964584],[28.27403816658564,45.45022917334459],[28.214902291494802,45.470700433656866],[28.30450028337824,45.54699866253747],[28.420698815062366,45.51259911835849],[28.42060425477848,45.486174318860165],[28.420820095845553,45.4855501273578],[28.421377986056385,45.48519662925239],[28.514370815074173,45.49990093088428],[28.51472156404772,45.501022693325105],[28.4911014458737,45.571099133981846],[28.542948951142677,45.57980671066358],[28.54364000184813,45.58027701551093],[28.543758246841943,45.58101553917921],[28.516030084331597,45.66446563786108],[28.51506559517955,45.66487248298425],[28.485800853563678,45.66040137211501],[28.480301319688223,45.67779981383689],[28.51950059262831,45.73679874094551],[28.58819264691569,45.72963794803249],[28.588770698872665,45.72997647882777],[28.58900221094529,45.730701408386416],[28.58560127042128,45.772498898982384],[28.708370863608643,45.78016155730849],[28.70879235272563,45.780666169251305],[28.708809405329045,45.78132343289497],[28.6971014133941,45.81799913157129],[28.784741482433205,45.832129348351685],[28.78555048652963,45.83286629387406],[28.756601428088683,45.95729908844163],[28.97844138173309,46.00346389890475],[28.97892419816048,46.00388541930959],[29.004967604659566,46.048656668684416],[29.005086443618737,46.04934184490326],[29.00472980227898,46.04993883410238],[28.950301734835065,46.093700034823286],[29.06592684493422,46.194563863018885],[29.066269441228414,46.19532668603401],[29.065755126915416,46.1961915961581],[28.951801588966198,46.259500446332005],[28.985100614119418,46.31819881718703],[29.00186999540614,46.316573092530476],[29.00257290552816,46.31686227534807],[29.00286579241066,46.31765945468635],[28.930701857005197,46.4576989293322],[29.02442386082402,46.46224778227627],[29.02503924434044,46.46249874108555],[29.0253614205827,46.46308001525938],[29.02341613455618,46.47916036586363],[29.02293622672586,46.47989636665179],[28.985300864416917,46.47750129371734],[28.9815015486349,46.488798927063435],[29.033388433376906,46.490616165480134],[29.062900428513217,46.51229876436834],[29.162667725687992,46.515493499428324],[29.163240947943176,46.515870870913844],[29.16343591732046,46.51652888302152],[29.161701175632476,46.54439908529777],[29.235498979554983,46.558298648161795],[29.240904480028174,46.49956573701609],[29.255098096173143,46.48520022640945],[29.220421899926908,46.464002400800396],[29.21994396172985,46.46311710202005],[29.245798409777812,46.41680031889988],[29.208317497948872,46.38748676121642],[29.207933626983138,46.38671268937988],[29.208643841792828,46.38574192325558],[29.24024637504856,46.37619600223329],[29.240888357901333,46.3763494561702],[29.267545350533005,46.393525959527764],[29.26775762475451,46.39437496412678],[29.26520132593171,46.40649907040538],[29.32293269315126,46.414635506844746],[29.323520577132918,46.414939533326404],[29.323747365058843,46.41592486082496],[29.308301439258102,46.46519924842117],[29.33576609338759,46.4739138357826],[29.33609564757656,46.474899150663134],[29.331301402231905,46.49599927313464],[29.351199517673283,46.50419859772189],[29.38638777100416,46.44236670084124],[29.387184122445763,46.4418639481925],[29.387980971175026,46.442171577848676],[29.38824953038376,46.44298242916309],[29.386718846799997,46.44661595675236],[29.448000078349605,46.49849848235046],[29.50229807824461,46.4613999328891],[29.485244325001066,46.447909635594065],[29.48488747057357,46.44733756375241],[29.484974869929406,46.44666900363766],[29.49467100080306,46.427997701511295],[29.56589908951993,46.41639900139149],[29.580180612590322,46.36115925868566],[29.58072985407422,46.36073340832601],[29.603102126879204,46.353720883596836],[29.67800327849126,46.36151660215072],[29.67832655687649,46.36251618586483],[29.660301393859868,46.4360988880664],[29.733664881690295,46.43502731291514],[29.734124581820762,46.435503222506576],[29.73418648534835,46.4361619956864],[29.726601449537863,46.46669927138624],[29.7411999516547,46.47279874465682],[29.77619895747128,46.45489913189392],[29.786781034989744,46.41979846280635],[29.82299790481224,46.395600079809455],[29.80696709579364,46.386587213096846],[29.806542973144207,46.38584351133524],[29.806924044962997,46.38497994556469],[29.88954141717471,46.35302300868918],[29.890366048651256,46.35325094805835],[29.890705336679357,46.35413109091725],[29.886801325956647,46.371499412665315],[29.938700214150945,46.40089859301216],[30.021750191146342,46.382930272500005],[30.0709997274535,46.396798725372726],[30.096165502796904,46.375747147465624],[30.096820563933257,46.37551423413903],[30.162621383383463,46.41309624226926],[30.16311129619812,46.413804960173714],[30.16298511924491,46.4144721449525],[30.154349122271363,46.42910046635667],[30.15371772774867,46.42956533902786],[30.15278806068312,46.42930629946945],[30.133699924103478,46.4106014934146],[30.097294672863324,46.43956738516291],[30.096372718544746,46.43937124442777],[30.07789966072931,46.42380139692275],[30.055501714168933,46.42890081942182],[30.061709853215323,46.44160059687849],[30.061683543899672,46.442363581404756],[30.06112651740216,46.442885653285316],[30.0228014757734,46.44180117109803],[30.02556848879869,46.452246294178366],[30.025120704845225,46.453250359572394],[29.99360429076228,46.46229982774054],[30.017746705325226,46.4671457673952],[30.018327768938022,46.4674977337583],[30.01854362005855,46.46823853906267],[30.017720092225236,46.46911163875248],[29.995201350940317,46.47300088713226],[30.000359847320468,46.49477917376483],[29.99999671717028,46.49533217078777],[29.999367803074467,46.495537442007],[29.987201045180804,46.494101237274954],[29.98649407224557,46.50821855508858],[29.986088438898967,46.508973732283955],[29.984894344149126,46.50896788472282],[29.960201344265958,46.490402421721804],[29.96173094830869,46.507928362403476],[29.96148627813981,46.50857093719732],[29.96088455294328,46.5089036422395],[29.960210247847463,46.50876918594555],[29.9360051761403,46.4940042107781],[29.942629945332115,46.50108496350994],[29.94282801347315,46.50182453772305],[29.942444916544396,46.50248743873254],[29.87770303020685,46.542699426585145],[29.944487515128714,46.55504547246136],[29.944910615845913,46.55615174025893],[29.93590159710154,46.588898567716626],[29.962770809354183,46.584648063782154],[29.963478270771517,46.58528641739777],[29.967668290958592,46.597127778796015],[29.96764189153572,46.59786179774709],[29.945601380685318,46.64829987861084],[29.97048070428957,46.68576256958904],[29.97417089533614,46.75373422669575],[29.93480197134158,46.805899294096115],[29.977337833977238,46.816185767892485],[29.977679008904953,46.81685148939151],[29.977519202118568,46.81749014822704],[29.967939717575316,46.832008755977625],[29.949849135813395,46.841563358549934],[29.949211112812264,46.841663763873484],[29.90500041296987,46.82010157728449],[29.88340132738176,46.85140040096151],[29.88397875847839,46.88477507225378],[29.88369653031302,46.88548884400414],[29.883089776188616,46.885786245896284],[29.74990065204522,46.86100123993277],[29.71861754331877,46.93138552753276],[29.718173466680376,46.931862196584866],[29.717530026351085,46.9319641867248],[29.648000832449846,46.91970124982126],[29.64021859552347,46.95432724992056],[29.63960442488263,46.95504037156395],[29.57140042119046,46.94010127799546],[29.55600213094115,46.95779920997275],[29.595013652101933,46.963485406587715],[29.595660241913855,46.96386287360406],[29.602301076926036,47.0415989544741],[29.627608959776026,47.04446516525767],[29.628274142015727,47.04483014707253],[29.62849647015136,47.045459922205545],[29.61223787840523,47.099511319811214],[29.611751413202512,47.10010472131416],[29.548237240645907,47.093863976078126],[29.547689706697465,47.09344473047795],[29.54754375077523,47.09277074444937],[29.549898667391112,47.075901130041174],[29.530200581415162,47.075401170111476],[29.496996376849932,47.1216230975817],[29.495401348972482,47.13179889619767],[29.57888329715108,47.135446850052645],[29.57980825986967,47.13619729125581],[29.551801437820625,47.25139901175339],[29.597715715485425,47.257261580700266],[29.598573870179862,47.25807976227364],[29.57393345329275,47.37006367462476],[29.57306108298027,47.370341889406134],[29.48782869821217,47.35594551286295],[29.487273918597392,47.35508169599311],[29.485698804480545,47.305700982053786],[29.426900778958128,47.29210130454098],[29.423642077576186,47.304014687721384],[29.422986154372637,47.30470210305021],[29.398300733687353,47.30030124300627],[29.383401343415535,47.3447995079222],[29.397256863164433,47.35320968247221],[29.3977113619752,47.35383512457118],[29.390728410700635,47.37941066849035],[29.389898152648875,47.379638475101295],[29.337200890998005,47.37020137792267],[29.317693634505414,47.448028427983445],[29.317240916894402,47.448641130651374],[29.316303795547284,47.44869291222595],[29.243901065260783,47.415201735264766],[29.24226668811143,47.4600680383507],[29.2417139811709,47.460926378056456],[29.240695780954567,47.46085221383286],[29.189801189255427,47.425402218054444],[29.190672200388665,47.465133573261426],[29.190383141709155,47.46585901391941],[29.18946171303235,47.46613306388721],[29.157306233592287,47.45920226413477],[29.187598402693613,47.47532087647421],[29.18963316603808,47.51301504341247],[29.189227487043418,47.513449868427024],[29.188546989417073,47.51356383046605],[29.151600472996808,47.50660118711323],[29.117101834203844,47.554299342043066],[29.184372475301476,47.571943049052145],[29.21719500488347,47.6117583944431],[29.21721157475552,47.612680367869984],[29.209301614853995,47.62859950312505],[29.230590800547937,47.64058146265653],[29.231077687002205,47.64166473394604],[29.23072344938574,47.64223510398971],[29.23008832448491,47.642452871379334],[29.209101867347577,47.64220114265535],[29.230816461445563,47.68378517591734],[29.20440164790883,47.71909975627695],[29.248282044816055,47.75121583587896],[29.275925161227686,47.801394582642686],[29.275224553253224,47.80226382875496],[29.247056511429633,47.81093187450749],[29.21920027128891,47.798301356512965],[29.19890149352545,47.820200091072486],[29.22390093848671,47.85479896126919],[29.277844096062335,47.88600111479563],[29.27830954626759,47.88660869072791],[29.278155800560405,47.88744987027516],[29.277309898773105,47.88786618562958],[29.215701158587578,47.88580115158859],[29.216015853950545,47.89389654789403],[29.215683255533087,47.89458439251015],[29.214962055729057,47.894836628046676],[29.20050071767822,47.88420197068662],[29.17520562155093,47.99281703686953],[29.174394639630155,47.99357686210566],[29.093026801963255,47.982864585058024],[29.09254108699094,47.982388762261216],[29.092471913962356,47.98171234415057],[29.09789827310469,47.96000239147475],[29.081788818542602,47.97021255218065],[29.080658195447125,47.97017148854435],[29.08028947856958,47.969101889240655],[29.08649863256801,47.94660083198209],[29.074199884908527,47.9440009463735],[29.032700286723454,47.94260128231861],[28.96139885260848,47.97906531641376],[28.925900148169976,47.95990146005626],[28.877602084663746,48.00069974044394],[28.899743507785274,48.01150256322268],[28.90021870795609,48.01231293268363],[28.89988796621899,48.01309811704657],[28.83950158525355,48.03460065754812],[28.85160892182442,48.06046649048318],[28.85115605066372,48.061174861278474],[28.833103962837043,48.07269866797814],[28.861993650849143,48.07037125799126],[28.862786012934638,48.070665872261074],[28.863069536449732,48.071462270188555],[28.862559222323803,48.072242409589535],[28.848401416925952,48.08010049860523],[28.857260781876978,48.101813784160065],[28.857242383725957,48.102611705676935],[28.833516892374526,48.12842587964278],[28.688000864239783,48.124401144591296],[28.682513587165985,48.14596063990911],[28.681992977852808,48.14660781399283],[28.647500254010552,48.143101280483926],[28.59219437668692,48.1731176099026],[28.59142249951401,48.17304023973562],[28.579400858355914,48.16650170566533],[28.577362691129593,48.180913345396455],[28.57692670460596,48.181523412758764],[28.57618920135433,48.18165889482099],[28.503991716848184,48.151421694418275],[28.503831218639565,48.15068970115473],[28.504224367500427,48.1500517295362],[28.520598126657212,48.13800004200978],[28.491989675927066,48.11863993156558],[28.494177025603157,48.06520777243276],[28.454000769849312,48.07880105935151],[28.421901392911526,48.12189996263308],[28.43905400944374,48.14277332555114],[28.42842326977532,48.17179717160665],[28.427836948942545,48.17238607218953],[28.384693776142505,48.17547984269875],[28.34679958227391,48.13510116884966],[28.305401279637906,48.1406009837853],[28.308101185138177,48.16159920983356],[28.3614321800665,48.19252923555856],[28.368908288792987,48.22473161758485],[28.353324578030854,48.24565865030224],[28.35263539022821,48.24570991519277],[28.208200127010617,48.20440143708648],[28.185301152282232,48.215600879640405],[28.177528635674644,48.25642425563319],[28.176820728885456,48.25719885296123],[28.146395690861667,48.262589414073254],[28.145827963868577,48.2622416350425],[28.128099278099068,48.240401256489534],[28.088801310530652,48.23430140542291],[28.093649586996296,48.292285077738114],[28.07335941568458,48.31752433965369],[27.953100313971603,48.32870101938575],[27.88360108050137,48.37140084216963],[27.87308319702843,48.404281068276624],[27.78537806591832,48.44646247513244],[27.745889986208436,48.45757633663353],[27.6440001400251,48.441201380150886],[27.590601354944567,48.4614006492302],[27.599402936654048,48.4883706995358],[27.599290075928675,48.489226980637866],[27.59855226579295,48.48967596958285],[27.534604986515294,48.47020152492822],[27.466424257671246,48.448549533352065],[27.447299319577837,48.40940110771934],[27.383700786265823,48.41060106947163],[27.373520392094996,48.441138823715015],[27.372995372176867,48.441728415655405],[27.319976332386656,48.44341713593019],[27.319419989569905,48.44290621317618],[27.285699291542997,48.37140115531333],[27.23570037949621,48.372901485966544],[27.192342770737532,48.394841571373306],[27.123600340297433,48.37910126895632],[27.087301225003188,48.412900612002254],[27.085163874192265,48.43305388262081],[27.08486251342841,48.433669353375066],[27.08423567177967,48.43394628677272],[27.06229969727876,48.42120130883572],[27.01878181354978,48.42463089436744],[27.018059737914008,48.42439944948848],[27.017708253356602,48.423533773527886],[27.01814230770213,48.42280611194516],[27.040198848823067,48.41079918745635],[27.0459986313259,48.37410135444379],[27.00494987949556,48.38007002543924],[27.004287877708784,48.379516616457124],[26.99509924405147,48.359401253215964],[26.93180026131613,48.363000986028275],[26.894601445107355,48.3836004481491],[26.900840672242403,48.396081344484806],[26.900822242970587,48.3970108729625],[26.872731794442956,48.4197547828423],[26.77527836627018,48.418298825932915],[26.753899776638566,48.398801342722365],[26.724600439870024,48.4117052252438],[26.710633826443246,48.40599977053835],[26.710130555397363,48.40553480574177],[26.710044726783416,48.404855020881165],[26.7650197081211,48.353740539401805],[26.82409900132286,48.344298940718204],[26.83089880515111,48.313400257353265],[26.81709948326628,48.29490124784727],[26.767000901727606,48.30220116576045],[26.758318206653705,48.32280733365714],[26.75759961615659,48.32339827201613],[26.756941098774426,48.32330929467799],[26.736600278795457,48.31290151617277],[26.694410792597676,48.35962576321974],[26.693460066035925,48.35975595738658],[26.683222784967153,48.35584687115994],[26.682722867138757,48.35527816039003],[26.6827648346308,48.35452212566558],[26.69579860875634,48.32710038629283],[26.616948511851785,48.2747752404206],[26.61672486721077,48.274119993426666],[26.616916878096205,48.27355496151204],[26.630898064617803,48.254400723328445],[26.61670219244145,48.25115213552582],[26.61612830172271,48.25078144296413],[26.61598492439011,48.24983687549399],[26.619798218849276,48.23930151907736],[26.58613758435148,48.24565814632665],[26.585454820050522,48.245144913964495],[26.57207673936699,48.21979463591272],[26.52439998299638,48.20880146344264],[26.470172779242272,48.219907547340895],[26.43809953745569,48.19420114052068],[26.33346445324073,48.18441920594219],[26.333024075168755,48.183564507728335],[26.333698728507674,48.15730066488871],[26.29839039816456,48.134042139471084],[26.266999007089606,48.076401055030466],[26.212309295577374,48.050721153180504],[26.185099109017923,47.99440115785851],[26.103599896739603,47.97870104109602],[25.915012508878586,47.977296449694286],[25.89229971986108,47.96140119935516],[25.846604515850427,47.96856165949204],[25.77619980620018,47.939601032637256],[25.625100090713193,47.949396109494614],[25.31139554548679,47.914306308797784],[25.269899715917756,47.89250113721423],[25.229993463933905,47.89230389908567],[25.229372963361342,47.892084203848164],[25.229023446742794,47.891526417965146],[25.221598986749317,47.85900063473716],[25.180260409172885,47.82582049709463],[25.16689902841392,47.791701074446415],[25.134280125691447,47.78257509562688],[25.115599349720878,47.75500107682876],[25.052694781085016,47.7481110305093],[25.05214487345649,47.74767204579799],[25.03999927158216,47.7273012685398],[24.921520015915334,47.726200185801744],[24.883000930219605,47.7243011640533],[24.877865235718108,47.75293324636083],[24.836101049174797,47.780500713407875],[24.82784126890933,47.8200239273625],[24.827392651709065,47.82066723637972],[24.706200423127346,47.83980102988181],[24.670901295237172,47.86520060983541],[24.67282463375704,47.896529109150265],[24.635100985645195,47.9242007430583],[24.625140043302086,47.95094351627991],[24.62421511567471,47.951159010226306],[24.601600190918106,47.9450013572782],[24.56320143752285,47.96830055834411],[24.57289581746018,48.00145969571382],[24.572763080404716,48.00230243511677],[24.57202837495356,48.002736067134975],[24.571011169436595,48.00212070633173],[24.55339921952406,47.959301013834896],[24.50200008680874,47.95250126296984],[24.43506634579774,47.97082964153801],[24.39243160498254,47.95410505753742],[24.38027585750011,47.926491430902814],[24.3479000648795,47.915001272821335],[24.32421909907146,47.92600991502805],[24.22740016423433,47.89650121823636],[24.195192953520987,47.91677869732428],[24.112000563901358,47.9150012345776],[24.091999516354996,47.939016132930995],[24.00939121634989,47.96695074962046],[23.86390044550403,47.93220136075848],[23.827136197592303,47.97549973289402],[23.77255162660285,47.99507803638187],[23.666900171832737,47.98340104727216],[23.613646078975876,48.00815362946128],[23.564300182864176,48.003401036211116],[23.529565377362005,48.0198858304476],[23.528746675445504,48.01936458760672],[23.50119941285879,47.968601188294414],[23.45090022544289,47.9765009116478],[23.284401329428555,48.05000061949365],[23.2908353507451,48.07276607206967],[23.26790253900121,48.09878579913209],[23.19010065341571,48.097301246993496],[23.17570691327421,48.11903452693491],[23.17486873189334,48.119482384990874],[23.114856323536106,48.086782960044594],[23.114631443402278,48.08615727042376],[23.114848613490757,48.08552886312839],[23.122698335187753,48.077400156871676],[23.104681629072477,48.06452492808022],[23.09149897211309,48.00770102021097],[23.01300005440852,47.988901140340225],[22.926901431224397,48.01824920923821],[22.926291596661855,48.01777462690688],[22.920324234842557,48.007175879794985],[22.920299795100945,48.00624085317217],[22.949198028052823,47.968600689511526],[22.893501070453812,47.954801436648175],[22.892934394386575,47.96677198548417],[22.892377441159447,47.96762184226661],[22.841101788987995,47.981500754734846],[22.881036487536914,48.05316820164422],[22.881150589819054,48.053811748759834],[22.880691870033335,48.05450364497923],[22.83930112176156,48.0803009351127],[22.82468804617314,48.116815460877774],[22.823573528883532,48.11682906636521],[22.806700863062268,48.1058019432826],[22.80433645280903,48.12083216013458],[22.803513272340002,48.12166318222277],[22.771232328505686,48.12077263313245],[22.77056333988141,48.11997453661457],[22.769998957791383,48.1089015452557],[22.73730983914323,48.12011751143992],[22.672699854631812,48.09170135332703],[22.590701325464018,48.10840088757434],[22.59740017746085,48.14366947938757],[22.562501418294993,48.17960019846271],[22.571124186792495,48.195535997333955],[22.57108140225609,48.19655962708697],[22.570546642058435,48.19696527795156],[22.53160077180432,48.209301098267],[22.50157901984932,48.248521946276306],[22.401618775553757,48.24989196776932],[22.380900231714307,48.235501501194534],[22.312101195124125,48.32560027085782],[22.31768360644406,48.35226653422421],[22.317436819996068,48.35315279395224],[22.316856305744384,48.35345993743013],[22.267000583561583,48.361101189751224],[22.24080174530148,48.38600000771327],[22.26406659026928,48.408506864872734],[22.26436707229793,48.40931763234633],[22.264003093017145,48.41000075861319],[22.210300848856335,48.42585191852347],[22.144000832461906,48.403801481335954],[22.137205526764948,48.43347586104132]]]}}]}
